date,quantity
2013-01-02,5466.0
2013-01-03,3718.0
2013-01-04,4112.0
2013-01-05,6458.0
2013-01-06,7939.0
2013-01-07,4373.0
2013-01-08,3703.0
2013-01-09,4112.0
2013-01-10,3411.0
2013-01-11,4276.0
2013-01-12,5413.0
2013-01-13,7078.0
2013-01-14,3980.0
2013-01-15,3666.0
2013-01-16,4376.0
2013-01-17,2967.0
2013-01-18,3737.0
2013-01-19,6718.0
2013-01-20,7882.0
2013-01-21,4256.0
2013-01-22,3064.0
2013-01-23,3687.0
2013-01-24,2650.0
2013-01-25,3437.0
2013-01-26,6092.0
2013-01-27,6016.0
2013-01-28,2944.0
2013-01-29,2840.0
2013-01-30,3485.0
2013-01-31,2848.0
2013-02-01,4029.0
2013-02-02,7039.0
2013-02-03,6336.0
2013-02-04,3214.0
2013-02-05,2843.0
2013-02-06,3956.0
2013-02-07,3710.0
2013-02-08,3848.0
2013-02-09,4702.0
2013-02-10,3191.0
2013-02-11,3362.0
2013-02-12,4329.0
2013-02-13,3221.0
2013-02-14,2760.0
2013-02-15,3647.0
2013-02-16,7022.0
2013-02-17,4944.0
2013-02-18,3800.0
2013-02-19,2553.0
2013-02-20,3707.0
2013-02-21,2999.0
2013-02-22,3355.0
2013-02-23,5384.0
2013-02-24,6604.0
2013-02-25,3461.0
2013-02-26,3119.0
2013-02-27,2982.0
2013-02-28,3132.0
2013-03-01,3818.0
2013-03-02,6824.0
2013-03-03,8198.0
2013-03-04,4316.0
2013-03-05,7375.0
2013-03-06,4247.0
2013-03-07,3716.0
2013-03-08,3253.0
2013-03-09,6783.0
2013-03-10,6696.0
2013-03-11,3407.0
2013-03-12,3089.0
2013-03-13,3826.0
2013-03-14,2792.0
2013-03-15,3764.0
2013-03-16,6205.0
2013-03-17,6970.0
2013-03-18,3382.0
2013-03-19,3128.0
2013-03-20,3678.0
2013-03-21,2543.0
2013-03-22,3647.0
2013-03-23,5750.0
2013-03-24,5949.0
2013-03-25,3248.0
2013-03-26,2023.0
2013-03-27,3433.0
2013-03-28,3828.0
2013-03-29,4548.0
2013-03-30,5451.0
2013-03-31,5514.0
2013-04-01,4632.0
2013-04-02,3496.0
2013-04-03,4069.0
2013-04-04,2904.0
2013-04-05,3514.0
2013-04-06,7469.0
2013-04-07,7436.0
2013-04-08,4307.0
2013-04-09,3546.0
2013-04-10,3585.0
2013-04-11,2957.0
2013-04-12,3794.0
2013-04-13,6583.0
2013-04-14,6328.0
2013-04-15,3423.0
2013-04-16,3527.0
2013-04-17,4034.0
2013-04-18,3181.0
2013-04-19,3617.0
2013-04-20,6403.0
2013-04-21,6590.0
2013-04-22,3239.0
2013-04-23,3173.0
2013-04-24,4099.0
2013-04-25,2944.0
2013-04-26,3753.0
2013-04-27,6300.0
2013-04-28,6821.0
2013-04-29,3210.0
2013-04-30,3467.0
2013-05-01,5888.0
2013-05-02,3135.0
2013-05-03,3791.0
2013-05-04,6705.0
2013-05-05,6912.0
2013-05-06,3764.0
2013-05-07,2917.0
2013-05-08,3691.0
2013-05-09,2728.0
2013-05-10,3476.0
2013-05-11,7145.0
2013-05-12,4583.0
2013-05-13,3643.0
2013-05-14,3308.0
2013-05-15,3859.0
2013-05-16,3321.0
2013-05-17,3540.0
2013-05-18,6251.0
2013-05-19,6464.0
2013-05-20,3393.0
2013-05-21,3046.0
2013-05-22,3736.0
2013-05-23,3253.0
2013-05-24,4746.0
2013-05-25,4657.0
2013-05-26,4973.0
2013-05-27,3076.0
2013-05-28,3147.0
2013-05-29,3477.0
2013-05-30,2591.0
2013-05-31,4025.0
2013-06-01,6649.0
2013-06-02,6513.0
2013-06-03,4086.0
2013-06-04,3540.0
2013-06-05,3774.0
2013-06-06,2579.0
2013-06-07,4257.0
2013-06-08,6054.0
2013-06-09,6725.0
2013-06-10,3538.0
2013-06-11,1894.0
2013-06-12,3772.0
2013-06-13,3096.0
2013-06-14,3877.0
2013-06-15,6944.0
2013-06-16,5482.0
2013-06-17,3843.0
2013-06-18,3269.0
2013-06-19,3721.0
2013-06-20,2729.0
2013-06-21,3417.0
2013-06-22,5907.0
2013-06-23,6376.0
2013-06-24,3567.0
2013-06-25,3262.0
2013-06-26,3371.0
2013-06-27,2585.0
2013-06-28,3430.0
2013-06-29,5706.0
2013-06-30,5795.0
2013-07-01,3781.0
2013-07-02,3094.0
2013-07-03,3610.0
2013-07-04,3069.0
2013-07-05,3418.0
2013-07-06,5507.0
2013-07-07,5701.0
2013-07-08,3448.0
2013-07-09,2754.0
2013-07-10,3349.0
2013-07-11,2837.0
2013-07-12,3475.0
2013-07-13,5176.0
2013-07-14,5047.0
2013-07-15,3382.0
2013-07-16,3033.0
2013-07-17,3434.0
2013-07-18,2812.0
2013-07-19,3133.0
2013-07-20,5375.0
2013-07-21,5165.0
2013-07-22,3006.0
2013-07-23,2953.0
2013-07-24,3252.0
2013-07-25,3011.0
2013-07-26,3536.0
2013-07-27,5178.0
2013-07-28,5098.0
2013-07-29,3200.0
2013-07-30,3317.0
2013-07-31,3835.0
2013-08-01,3634.0
2013-08-02,3820.0
2013-08-03,5106.0
2013-08-04,5759.0
2013-08-05,3596.0
2013-08-06,2927.0
2013-08-07,4589.0
2013-08-08,2924.0
2013-08-09,3626.0
2013-08-10,4734.0
2013-08-11,4910.0
2013-08-12,3137.0
2013-08-13,3077.0
2013-08-14,3190.0
2013-08-15,2646.0
2013-08-16,3805.0
2013-08-17,5540.0
2013-08-18,5087.0
2013-08-19,3109.0
2013-08-20,2763.0
2013-08-21,3217.0
2013-08-22,3050.0
2013-08-23,3624.0
2013-08-24,4814.0
2013-08-25,5337.0
2013-08-26,3550.0
2013-08-27,3109.0
2013-08-28,3645.0
2013-08-29,3424.0
2013-08-30,3472.0
2013-08-31,6356.0
2013-09-01,7947.0
2013-09-02,4358.0
2013-09-03,3750.0
2013-09-04,4399.0
2013-09-05,2762.0
2013-09-06,3540.0
2013-09-07,6906.0
2013-09-08,7336.0
2013-09-09,3663.0
2013-09-10,2770.0
2013-09-11,3640.0
2013-09-12,3559.0
2013-09-13,3531.0
2013-09-14,6315.0
2013-09-15,6723.0
2013-09-16,3602.0
2013-09-17,3120.0
2013-09-18,3639.0
2013-09-19,2745.0
2013-09-20,3551.0
2013-09-21,6474.0
2013-09-22,6620.0
2013-09-23,3731.0
2013-09-24,2858.0
2013-09-25,3953.0
2013-09-26,2976.0
2013-09-27,3371.0
2013-09-28,5960.0
2013-09-29,7345.0
2013-09-30,3333.0
2013-10-01,3759.0
2013-10-02,4382.0
2013-10-03,3435.0
2013-10-04,4303.0
2013-10-05,6556.0
2013-10-06,7531.0
2013-10-07,4193.0
2013-10-08,3044.0
2013-10-09,3792.0
2013-10-10,3228.0
2013-10-11,1804.0
2013-10-12,5153.0
2013-10-13,5238.0
2013-10-14,3186.0
2013-10-15,2559.0
2013-10-16,3758.0
2013-10-17,3124.0
2013-10-18,3475.0
2013-10-19,6565.0
2013-10-20,6901.0
2013-10-21,3392.0
2013-10-22,2575.0
2013-10-23,3273.0
2013-10-24,2689.0
2013-10-25,3558.0
2013-10-26,5530.0
2013-10-27,5992.0
2013-10-28,2778.0
2013-10-29,2850.0
2013-10-30,3041.0
2013-10-31,2484.0
2013-11-01,3725.0
2013-11-02,6599.0
2013-11-03,6830.0
2013-11-04,3877.0
2013-11-05,3203.0
2013-11-06,3744.0
2013-11-07,3063.0
2013-11-08,3534.0
2013-11-09,6554.0
2013-11-10,6731.0
2013-11-11,4342.0
2013-11-12,3073.0
2013-11-13,3649.0
2013-11-14,2875.0
2013-11-15,3957.0
2013-11-16,6950.0
2013-11-17,7337.0
2013-11-18,3661.0
2013-11-19,3275.0
2013-11-20,3435.0
2013-11-21,2381.0
2013-11-22,3812.0
2013-11-23,5741.0
2013-11-24,6673.0
2013-11-25,3329.0
2013-11-26,3047.0
2013-11-27,3442.0
2013-11-28,2774.0
2013-11-29,3253.0
2013-11-30,6194.0
2013-12-01,8735.0
2013-12-02,4259.0
2013-12-03,3827.0
2013-12-04,3994.0
2013-12-05,3355.0
2013-12-06,5083.0
2013-12-07,6032.0
2013-12-08,6111.0
2013-12-09,3768.0
2013-12-10,3226.0
2013-12-11,4031.0
2013-12-12,3631.0
2013-12-13,4182.0
2013-12-14,6306.0
2013-12-15,7176.0
2013-12-16,4140.0
2013-12-17,3802.0
2013-12-18,4427.0
2013-12-19,3670.0
2013-12-20,4021.0
2013-12-21,5921.0
2013-12-22,6358.0
2013-12-23,4758.0
2013-12-24,3876.0
2013-12-26,3723.0
2013-12-27,4303.0
2013-12-28,4722.0
2013-12-29,4739.0
2013-12-30,6082.0
2013-12-31,4534.0
2014-01-02,9853.0
2014-01-03,8647.0
2014-01-04,15153.0
2014-01-05,15606.0
2014-01-06,7900.0
2014-01-07,7188.0
2014-01-08,8800.0
2014-01-09,6606.0
2014-01-10,7051.0
2014-01-11,12599.0
2014-01-12,13383.0
2014-01-13,7086.0
2014-01-14,5821.0
2014-01-15,6815.0
2014-01-16,7482.0
2014-01-17,7671.0
2014-01-18,13131.0
2014-01-19,13661.0
2014-01-20,7208.0
2014-01-21,6778.0
2014-01-22,7535.0
2014-01-23,5550.0
2014-01-24,6552.0
2014-01-25,11966.0
2014-01-26,12309.0
2014-01-27,6821.0
2014-01-28,5512.0
2014-01-29,6482.0
2014-01-30,5484.0
2014-01-31,7566.0
2014-02-01,7223.0
2014-02-02,6995.0
2014-02-03,4126.0
2014-02-04,3194.0
2014-02-05,3633.0
2014-02-06,3709.0
2014-02-07,3689.0
2014-02-08,6127.0
2014-02-09,5839.0
2014-02-10,3579.0
2014-02-11,3408.0
2014-02-12,3791.0
2014-02-13,3658.0
2014-02-14,3492.0
2014-02-15,7262.0
2014-02-16,6820.0
2014-02-17,4773.0
2014-02-18,4334.0
2014-02-19,4534.0
2014-02-20,3530.0
2014-02-21,3581.0
2014-02-22,7003.0
2014-02-23,5983.0
2014-02-24,4251.0
2014-02-25,3508.0
2014-02-26,3451.0
2014-02-27,3595.0
2014-02-28,4532.0
2014-03-01,12810.0
2014-03-02,9078.0
2014-03-03,9173.0
2014-03-04,12113.0
2014-03-05,7948.0
2014-03-06,8195.0
2014-03-07,7389.0
2014-03-08,11346.0
2014-03-09,14761.0
2014-03-10,7110.0
2014-03-11,7188.0
2014-03-12,7887.0
2014-03-13,6312.0
2014-03-14,6566.0
2014-03-15,11975.0
2014-03-16,18192.0
2014-03-17,8106.0
2014-03-18,7852.0
2014-03-19,7646.0
2014-03-20,6159.0
2014-03-21,7126.0
2014-03-22,12642.0
2014-03-23,14965.0
2014-03-24,7011.0
2014-03-25,6349.0
2014-03-26,7493.0
2014-03-27,5887.0
2014-03-28,7765.0
2014-03-29,13940.0
2014-03-30,15827.0
2014-03-31,8341.0
2014-04-01,5050.0
2014-04-02,5094.0
2014-04-03,3690.0
2014-04-04,4829.0
2014-04-05,8715.0
2014-04-06,9913.0
2014-04-07,5038.0
2014-04-08,4567.0
2014-04-09,4356.0
2014-04-10,4017.0
2014-04-11,4851.0
2014-04-12,7524.0
2014-04-13,8068.0
2014-04-14,4462.0
2014-04-15,4445.0
2014-04-16,5920.0
2014-04-17,4356.0
2014-04-18,5782.0
2014-04-19,6643.0
2014-04-20,7340.0
2014-04-21,4384.0
2014-04-22,4082.0
2014-04-23,4567.0
2014-04-24,3417.0
2014-04-25,4206.0
2014-04-26,6900.0
2014-04-27,7956.0
2014-04-28,4091.0
2014-04-29,3414.0
2014-04-30,4169.0
2014-05-01,6627.0
2014-05-02,4707.0
2014-05-03,7497.0
2014-05-04,8193.0
2014-05-05,4128.0
2014-05-06,3874.0
2014-05-07,4498.0
2014-05-08,3298.0
2014-05-09,4275.0
2014-05-10,7242.0
2014-05-11,5248.0
2014-05-12,3454.0
2014-05-13,3469.0
2014-05-14,3879.0
2014-05-15,3237.0
2014-05-16,3953.0
2014-05-17,6668.0
2014-05-18,7949.0
2014-05-19,3781.0
2014-05-20,2853.0
2014-05-21,3858.0
2014-05-22,3574.0
2014-05-23,3821.0
2014-05-24,6405.0
2014-05-25,7358.0
2014-05-26,3927.0
2014-05-27,3426.0
2014-05-28,4194.0
2014-05-29,3077.0
2014-05-30,4421.0
2014-05-31,6762.0
2014-06-01,9593.0
2014-06-02,5137.0
2014-06-03,4396.0
2014-06-04,4590.0
2014-06-05,3367.0
2014-06-06,4127.0
2014-06-07,6686.0
2014-06-08,6699.0
2014-06-09,4409.0
2014-06-10,3239.0
2014-06-11,4062.0
2014-06-12,3724.0
2014-06-13,4585.0
2014-06-14,8739.0
2014-06-15,4788.0
2014-06-16,4824.0
2014-06-17,3941.0
2014-06-18,4397.0
2014-06-19,3980.0
2014-06-20,3689.0
2014-06-21,7466.0
2014-06-22,7800.0
2014-06-23,4047.0
2014-06-24,3821.0
2014-06-25,3204.0
2014-06-26,4391.0
2014-06-27,4211.0
2014-06-28,6487.0
2014-06-29,6890.0
2014-06-30,4358.0
2014-07-01,8783.0
2014-07-02,10007.0
2014-07-03,7540.0
2014-07-04,7404.0
2014-07-05,11524.0
2014-07-06,14721.0
2014-07-07,7875.0
2014-07-08,6672.0
2014-07-09,7356.0
2014-07-10,6544.0
2014-07-11,8128.0
2014-07-12,12630.0
2014-07-13,10916.0
2014-07-14,8088.0
2014-07-15,6911.0
2014-07-16,9450.0
2014-07-17,6675.0
2014-07-18,7631.0
2014-07-19,11414.0
2014-07-20,12334.0
2014-07-21,7840.0
2014-07-22,7371.0
2014-07-23,9750.0
2014-07-24,6345.0
2014-07-25,7297.0
2014-07-26,10914.0
2014-07-27,12159.0
2014-07-28,7984.0
2014-07-29,6968.0
2014-07-30,7151.0
2014-07-31,7353.0
2014-08-01,4809.0
2014-08-02,7462.0
2014-08-03,6351.0
2014-08-04,4959.0
2014-08-05,4010.0
2014-08-06,4571.0
2014-08-07,4096.0
2014-08-08,4412.0
2014-08-09,6624.0
2014-08-10,6316.0
2014-08-11,4211.0
2014-08-12,4111.0
2014-08-13,4795.0
2014-08-14,4513.0
2014-08-15,4604.0
2014-08-16,7768.0
2014-08-17,8630.0
2014-08-18,4932.0
2014-08-19,4268.0
2014-08-20,4203.0
2014-08-21,4181.0
2014-08-22,4959.0
2014-08-23,7593.0
2014-08-24,7229.0
2014-08-25,4571.0
2014-08-26,4185.0
2014-08-27,4667.0
2014-08-28,4180.0
2014-08-29,5212.0
2014-08-30,8561.0
2014-08-31,9455.0
2014-09-01,12389.0
2014-09-02,9664.0
2014-09-03,11003.0
2014-09-04,7834.0
2014-09-05,8953.0
2014-09-06,16116.0
2014-09-07,18311.0
2014-09-08,9458.0
2014-09-09,7549.0
2014-09-10,9692.0
2014-09-11,6483.0
2014-09-12,9137.0
2014-09-13,15451.0
2014-09-14,16062.0
2014-09-15,9012.0
2014-09-16,8540.0
2014-09-17,9839.0
2014-09-18,6900.0
2014-09-19,7446.0
2014-09-20,14551.0
2014-09-21,16442.0
2014-09-22,8503.0
2014-09-23,7739.0
2014-09-24,9132.0
2014-09-25,7246.0
2014-09-26,7483.0
2014-09-27,14835.0
2014-09-28,16473.0
2014-09-29,8441.0
2014-09-30,7628.0
2014-10-01,11130.0
2014-10-02,8577.0
2014-10-03,9460.0
2014-10-04,17085.0
2014-10-05,18761.0
2014-10-06,7971.0
2014-10-07,7812.0
2014-10-08,8489.0
2014-10-09,6677.0
2014-10-10,11784.0
2014-10-11,12554.0
2014-10-12,13763.0
2014-10-13,9188.0
2014-10-14,6985.0
2014-10-15,8773.0
2014-10-16,7479.0
2014-10-17,8916.0
2014-10-18,14560.0
2014-10-19,16438.0
2014-10-20,8066.0
2014-10-21,7537.0
2014-10-22,8736.0
2014-10-23,6337.0
2014-10-24,6570.0
2014-10-25,11866.0
2014-10-26,14142.0
2014-10-27,6986.0
2014-10-28,6341.0
2014-10-29,6737.0
2014-10-30,5480.0
2014-10-31,6275.0
2014-11-01,11970.0
2014-11-02,10431.0
2014-11-03,13700.0
2014-11-04,8347.0
2014-11-05,7943.0
2014-11-06,7114.0
2014-11-07,7973.0
2014-11-08,13372.0
2014-11-09,14723.0
2014-11-10,7464.0
2014-11-11,7143.0
2014-11-12,8033.0
2014-11-13,5892.0
2014-11-14,6797.0
2014-11-15,12394.0
2014-11-16,14529.0
2014-11-17,7754.0
2014-11-18,6843.0
2014-11-19,7417.0
2014-11-20,6332.0
2014-11-21,8128.0
2014-11-22,11959.0
2014-11-23,14608.0
2014-11-24,7733.0
2014-11-25,6749.0
2014-11-26,7342.0
2014-11-27,6487.0
2014-11-28,6937.0
2014-11-29,13031.0
2014-11-30,16292.0
2014-12-01,10803.0
2014-12-02,8876.0
2014-12-03,8908.0
2014-12-04,7275.0
2014-12-05,8093.0
2014-12-06,12117.0
2014-12-07,15237.0
2014-12-08,9608.0
2014-12-09,7770.0
2014-12-10,7521.0
2014-12-11,6849.0
2014-12-12,7765.0
2014-12-13,13671.0
2014-12-14,14556.0
2014-12-15,9354.0
2014-12-16,11743.0
2014-12-17,8809.0
2014-12-18,7617.0
2014-12-19,7700.0
2014-12-20,11268.0
2014-12-21,12975.0
2014-12-22,9636.0
2014-12-23,9120.0
2014-12-24,7218.0
2014-12-26,10812.0
2014-12-27,9216.0
2014-12-28,10006.0
2014-12-29,8173.0
2014-12-30,9218.0
2014-12-31,7760.0
2015-01-02,6175.0
2015-01-03,6481.0
2015-01-04,8513.0
2015-01-05,5965.0
2015-01-06,4019.0
2015-01-07,5165.0
2015-01-08,4377.0
2015-01-09,4254.0
2015-01-10,7687.0
2015-01-11,9612.0
2015-01-12,4561.0
2015-01-13,3953.0
2015-01-14,4481.0
2015-01-15,3847.0
2015-01-16,4280.0
2015-01-17,8239.0
2015-01-18,8226.0
2015-01-19,4474.0
2015-01-20,4109.0
2015-01-21,4266.0
2015-01-22,4266.0
2015-01-23,4005.0
2015-01-24,7027.0
2015-01-25,7952.0
2015-01-26,3722.0
2015-01-27,3097.0
2015-01-28,3783.0
2015-01-29,3445.0
2015-01-30,3504.0
2015-01-31,7589.0
2015-02-01,8450.0
2015-02-02,4433.0
2015-02-03,4467.0
2015-02-04,4580.0
2015-02-05,3747.0
2015-02-06,4042.0
2015-02-07,6584.0
2015-02-08,6559.0
2015-02-09,3735.0
2015-02-10,3145.0
2015-02-11,3182.0
2015-02-12,3227.0
2015-02-13,4825.0
2015-02-14,5509.0
2015-02-15,4325.0
2015-02-16,4713.0
2015-02-17,5315.0
2015-02-18,4695.0
2015-02-19,3417.0
2015-02-20,4060.0
2015-02-21,6491.0
2015-02-22,8263.0
2015-02-23,4048.0
2015-02-24,4410.0
2015-02-25,3725.0
2015-02-26,3124.0
2015-02-27,4210.0
2015-02-28,7254.0
2015-03-01,9195.0
2015-03-02,4707.0
2015-03-03,4313.0
2015-03-04,4518.0
2015-03-05,4173.0
2015-03-06,4438.0
2015-03-07,8235.0
2015-03-08,8386.0
2015-03-09,5340.0
2015-03-10,4924.0
2015-03-11,4259.0
2015-03-12,3651.0
2015-03-13,4935.0
2015-03-14,7264.0
2015-03-15,8525.0
2015-03-16,4400.0
2015-03-17,3609.0
2015-03-18,4083.0
2015-03-19,2902.0
2015-03-20,3696.0
2015-03-21,8053.0
2015-03-22,7927.0
2015-03-23,3951.0
2015-03-24,3604.0
2015-03-25,3902.0
2015-03-26,3192.0
2015-03-27,4538.0
2015-03-28,7253.0
2015-03-29,7029.0
2015-03-30,3537.0
2015-03-31,3989.0
2015-04-01,4573.0
2015-04-02,4619.0
2015-04-03,5575.0
2015-04-04,6736.0
2015-04-05,7208.0
2015-04-06,4208.0
2015-04-07,8856.0
2015-04-08,4402.0
2015-04-09,3628.0
2015-04-10,4456.0
2015-04-11,7594.0
2015-04-12,8207.0
2015-04-13,4226.0
2015-04-14,3409.0
2015-04-15,4255.0
2015-04-16,3300.0
2015-04-17,4616.0
2015-04-18,7617.0
2015-04-19,8182.0
2015-04-20,4297.0
2015-04-21,4447.0
2015-04-22,4173.0
2015-04-23,4080.0
2015-04-24,4993.0
2015-04-25,8110.0
2015-04-26,7969.0
2015-04-27,4544.0
2015-04-28,4217.0
2015-04-29,4481.0
2015-04-30,5084.0
2015-05-01,7150.0
2015-05-02,8024.0
2015-05-03,8128.0
2015-05-04,5737.0
2015-05-05,4213.0
2015-05-06,4774.0
2015-05-07,4572.0
2015-05-08,4788.0
2015-05-09,9548.0
2015-05-10,7083.0
2015-05-11,6131.0
2015-05-12,5055.0
2015-05-13,5762.0
2015-05-14,4563.0
2015-05-15,5621.0
2015-05-16,10799.0
2015-05-17,11969.0
2015-05-18,5806.0
2015-05-19,5186.0
2015-05-20,5449.0
2015-05-21,4797.0
2015-05-22,5830.0
2015-05-23,8211.0
2015-05-24,10364.0
2015-05-25,7895.0
2015-05-26,6697.0
2015-05-27,8211.0
2015-05-28,6039.0
2015-05-29,8419.0
2015-05-30,14564.0
2015-05-31,16967.0
2015-06-01,9498.0
2015-06-02,8655.0
2015-06-03,8891.0
2015-06-04,7875.0
2015-06-05,7661.0
2015-06-06,12668.0
2015-06-07,14278.0
2015-06-08,7878.0
2015-06-09,7739.0
2015-06-10,7799.0
2015-06-11,5864.0
2015-06-12,7328.0
2015-06-13,12915.0
2015-06-14,14349.0
2015-06-15,7049.0
2015-06-16,7769.0
2015-06-17,8766.0
2015-06-18,6140.0
2015-06-19,8463.0
2015-06-20,14759.0
2015-06-21,10881.0
2015-06-22,7862.0
2015-06-23,7099.0
2015-06-24,8996.0
2015-06-25,5540.0
2015-06-26,8124.0
2015-06-27,13586.0
2015-06-28,15283.0
2015-06-29,7812.0
2015-06-30,6853.0
2015-07-01,9984.0
2015-07-02,7973.0
2015-07-03,11014.0
2015-07-04,14653.0
2015-07-05,10455.0
2015-07-06,4447.0
2015-07-07,4056.0
2015-07-08,9800.0
2015-07-09,7755.0
2015-07-10,8413.0
2015-07-11,11258.0
2015-07-12,12104.0
2015-07-13,8149.0
2015-07-14,7390.0
2015-07-15,8768.0
2015-07-16,6670.0
2015-07-17,8500.0
2015-07-18,11939.0
2015-07-19,12587.0
2015-07-20,7954.0
2015-07-21,6763.0
2015-07-22,7311.0
2015-07-23,5922.0
2015-07-24,7981.0
2015-07-25,11735.0
2015-07-26,11115.0
2015-07-27,7615.0
2015-07-28,6279.0
2015-07-29,7398.0
2015-07-30,5823.0
2015-07-31,8034.0
2015-08-01,13053.0
2015-08-02,13690.0
2015-08-03,9279.0
2015-08-04,7954.0
2015-08-05,8025.0
2015-08-06,6934.0
2015-08-07,7983.0
2015-08-08,10072.0
2015-08-09,8676.0
2015-08-10,10081.0
2015-08-11,7678.0
2015-08-12,8335.0
2015-08-13,5834.0
2015-08-14,13927.0
2015-08-15,17029.0
2015-08-16,14251.0
2015-08-17,8716.0
2015-08-18,7599.0
2015-08-19,8521.0
2015-08-20,6668.0
2015-08-21,8859.0
2015-08-22,11707.0
2015-08-23,11842.0
2015-08-24,8931.0
2015-08-25,7587.0
2015-08-26,7754.0
2015-08-27,7586.0
2015-08-28,8410.0
2015-08-29,14161.0
2015-08-30,15265.0
2015-08-31,10496.0
2015-09-01,10961.0
2015-09-02,11425.0
2015-09-03,9865.0
2015-09-04,11179.0
2015-09-05,18759.0
2015-09-06,17912.0
2015-09-07,9417.0
2015-09-08,8221.0
2015-09-09,9285.0
2015-09-10,7510.0
2015-09-11,9677.0
2015-09-12,15728.0
2015-09-13,16505.0
2015-09-14,9991.0
2015-09-15,8482.0
2015-09-16,10142.0
2015-09-17,7620.0
2015-09-18,9140.0
2015-09-19,14571.0
2015-09-20,16879.0
2015-09-21,9343.0
2015-09-22,8385.0
2015-09-23,8997.0
2015-09-24,8010.0
2015-09-25,9200.0
2015-09-26,14814.0
2015-09-27,17508.0
2015-09-28,9117.0
2015-09-29,7899.0
2015-09-30,9331.0
2015-10-01,9222.0
2015-10-02,10824.0
2015-10-03,18843.0
2015-10-05,10491.0
2015-10-06,8422.0
2015-10-07,8399.0
2015-10-08,6599.0
2015-10-09,12646.0
2015-10-10,13174.0
2015-10-11,14160.0
2015-10-12,8241.0
2015-10-13,4567.0
2015-10-14,8560.0
2015-10-15,6498.0
2015-10-16,9451.0
2015-10-17,14910.0
2015-10-18,16087.0
2015-10-19,8846.0
2015-10-20,6620.0
2015-10-21,8971.0
2015-10-22,6653.0
2015-10-23,8624.0
2015-10-24,13922.0
2015-10-25,14743.0
2015-10-26,7601.0
2015-10-27,6280.0
2015-10-28,6186.0
2015-10-29,5531.0
2015-10-30,7720.0
2015-10-31,10521.0
2015-11-01,10329.0
2015-11-02,10088.0
2015-11-03,13839.0
2015-11-04,8766.0
2015-11-05,6860.0
2015-11-06,8340.0
2015-11-07,12878.0
2015-11-08,15335.0
2015-11-09,7765.0
2015-11-10,7746.0
2015-11-11,7686.0
2015-11-12,4641.0
2015-11-13,8034.0
2015-11-14,13378.0
2015-11-15,16061.0
2015-11-16,8779.0
2015-11-17,6660.0
2015-11-18,8642.0
2015-11-19,7600.0
2015-11-20,7725.0
2015-11-21,13163.0
2015-11-22,15142.0
2015-11-23,7861.0
2015-11-24,7153.0
2015-11-25,8490.0
2015-11-26,6496.0
2015-11-27,7514.0
2015-11-28,13135.0
2015-11-29,16055.0
2015-11-30,8551.0
2015-12-01,8726.0
2015-12-02,10288.0
2015-12-03,6793.0
2015-12-04,7171.0
2015-12-05,11808.0
2015-12-06,16270.0
2015-12-07,9461.0
2015-12-08,7960.0
2015-12-09,8831.0
2015-12-10,7192.0
2015-12-11,8499.0
2015-12-12,13170.0
2015-12-13,15377.0
2015-12-14,10257.0
2015-12-15,5759.0
2015-12-16,8612.0
2015-12-17,7833.0
2015-12-18,8508.0
2015-12-19,12951.0
2015-12-20,13670.0
2015-12-21,9743.0
2015-12-22,9399.0
2015-12-23,10121.0
2015-12-24,8000.0
2015-12-26,12093.0
2015-12-27,10697.0
2015-12-28,8026.0
2015-12-29,9749.0
2015-12-30,11025.0
2015-12-31,8880.0
2016-01-02,13006.0
2016-01-03,18421.0
2016-01-04,11911.0
2016-01-05,9361.0
2016-01-06,9751.0
2016-01-07,7005.0
2016-01-08,8955.0
2016-01-09,14633.0
2016-01-10,16548.0
2016-01-11,9136.0
2016-01-12,7852.0
2016-01-13,7421.0
2016-01-14,6586.0
2016-01-15,8663.0
2016-01-16,14150.0
2016-01-17,14933.0
2016-01-18,8891.0
2016-01-19,8287.0
2016-01-20,7426.0
2016-01-21,6283.0
2016-01-22,7225.0
2016-01-23,12981.0
2016-01-24,13750.0
2016-01-25,8699.0
2016-01-26,7131.0
2016-01-27,7366.0
2016-01-28,6575.0
2016-01-29,7241.0
2016-01-30,13260.0
2016-01-31,14662.0
2016-02-01,9410.0
2016-02-02,6982.0
2016-02-03,8224.0
2016-02-04,6796.0
2016-02-05,8670.0
2016-02-06,11104.0
2016-02-07,8119.0
2016-02-08,8342.0
2016-02-09,11294.0
2016-02-10,7940.0
2016-02-11,7069.0
2016-02-12,7198.0
2016-02-13,11676.0
2016-02-14,13573.0
2016-02-15,8594.0
2016-02-16,8268.0
2016-02-17,8265.0
2016-02-18,6353.0
2016-02-19,8102.0
2016-02-20,12702.0
2016-02-21,15261.0
2016-02-22,8188.0
2016-02-23,7011.0
2016-02-24,8768.0
2016-02-25,6308.0
2016-02-26,7294.0
2016-02-27,12771.0
2016-02-28,15159.0
2016-02-29,7792.0
2016-03-01,9258.0
2016-03-02,10135.0
2016-03-03,6740.0
2016-03-04,8349.0
2016-03-05,14522.0
2016-03-06,15288.0
2016-03-07,7634.0
2016-03-08,7440.0
2016-03-09,7796.0
2016-03-10,6408.0
2016-03-11,7874.0
2016-03-12,12899.0
2016-03-13,14000.0
2016-03-14,7615.0
2016-03-15,6948.0
2016-03-16,8648.0
2016-03-17,6716.0
2016-03-18,8065.0
2016-03-19,13016.0
2016-03-20,13660.0
2016-03-21,7065.0
2016-03-22,6979.0
2016-03-23,8999.0
2016-03-24,5293.0
2016-03-25,9467.0
2016-03-26,11215.0
2016-03-27,11793.0
2016-03-28,7471.0
2016-03-29,7076.0
2016-03-30,7648.0
2016-03-31,6421.0
2016-04-01,8438.0
2016-04-02,15938.0
2016-04-03,17875.0
2016-04-04,8428.0
2016-04-05,7087.0
2016-04-06,8049.0
2016-04-07,5993.0
2016-04-08,7978.0
2016-04-09,14577.0
2016-04-10,15830.0
2016-04-11,7658.0
2016-04-12,7153.0
2016-04-13,8181.0
2016-04-14,6673.0
2016-04-15,6756.0
2016-04-16,10439.0
2016-04-20,18072.0
2016-04-21,14537.0
2016-04-22,12222.0
2016-04-23,16355.0
2016-04-24,16696.0
2016-04-25,8438.0
2016-04-26,7458.0
2016-04-27,9222.0
2016-04-28,7051.0
2016-04-29,8462.0
2016-04-30,16438.0
2016-05-01,17213.0
2016-05-02,9363.0
2016-05-03,7738.0
2016-05-04,8642.0
2016-05-05,7338.0
2016-05-06,8571.0
2016-05-07,14611.0
2016-05-08,9513.0
2016-05-09,7252.0
2016-05-10,6392.0
2016-05-11,8156.0
2016-05-12,6578.0
2016-05-13,8072.0
2016-05-14,12677.0
2016-05-15,14889.0
2016-05-16,8101.0
2016-05-17,6040.0
2016-05-18,8399.0
2016-05-19,6912.0
2016-05-20,7985.0
2016-05-21,12899.0
2016-05-22,13515.0
2016-05-23,8356.0
2016-05-24,6404.0
2016-05-25,7765.0
2016-05-26,6275.0
2016-05-27,11627.0
2016-05-28,9588.0
2016-05-29,11648.0
2016-05-30,8422.0
2016-05-31,9939.0
2016-06-01,8843.0
2016-06-02,7533.0
2016-06-03,7891.0
2016-06-04,12124.0
2016-06-05,14020.0
2016-06-06,7994.0
2016-06-07,6886.0
2016-06-08,7619.0
2016-06-09,6114.0
2016-06-10,7585.0
2016-06-11,11218.0
2016-06-12,12312.0
2016-06-13,8207.0
2016-06-14,6938.0
2016-06-15,7612.0
2016-06-16,6270.0
2016-06-17,8078.0
2016-06-18,13358.0
2016-06-19,10441.0
2016-06-20,7975.0
2016-06-21,6333.0
2016-06-22,7767.0
2016-06-23,6376.0
2016-06-24,6690.0
2016-06-25,11744.0
2016-06-26,12737.0
2016-06-27,7381.0
2016-06-28,6502.0
2016-06-29,8225.0
2016-06-30,6695.0
2016-07-01,9611.0
2016-07-02,12947.0
2016-07-03,14679.0
2016-07-04,8909.0
2016-07-05,7303.0
2016-07-06,8567.0
2016-07-07,5828.0
2016-07-08,8905.0
2016-07-09,12118.0
2016-07-10,11578.0
2016-07-11,8496.0
2016-07-12,7644.0
2016-07-13,8410.0
2016-07-14,5655.0
2016-07-15,8950.0
2016-07-16,12049.0
2016-07-17,12958.0
2016-07-18,9080.0
2016-07-19,7373.0
2016-07-20,6115.0
2016-07-21,6597.0
2016-07-22,7789.0
2016-07-23,11203.0
2016-07-24,10949.0
2016-07-25,7612.0
2016-07-26,6482.0
2016-07-27,7225.0
2016-07-28,7052.0
2016-07-29,7515.0
2016-07-30,11005.0
2016-07-31,12589.0
2016-08-01,9757.0
2016-08-02,8114.0
2016-08-03,9032.0
2016-08-04,6132.0
2016-08-05,8420.0
2016-08-06,11545.0
2016-08-07,11462.0
2016-08-08,8300.0
2016-08-09,6807.0
2016-08-10,7838.0
2016-08-11,7203.0
2016-08-12,9650.0
2016-08-13,9606.0
2016-08-14,10175.0
2016-08-15,7853.0
2016-08-16,8492.0
2016-08-17,8443.0
2016-08-18,6937.0
2016-08-19,8691.0
2016-08-20,12217.0
2016-08-21,13144.0
2016-08-22,8782.0
2016-08-23,7910.0
2016-08-24,8368.0
2016-08-25,7476.0
2016-08-26,8154.0
2016-08-27,11369.0
2016-08-28,12360.0
2016-08-29,7918.0
2016-08-30,7837.0
2016-08-31,8655.0
2016-09-01,5562.0
2016-09-02,11310.0
2016-09-03,16980.0
2016-09-04,14901.0
2016-09-05,10453.0
2016-09-06,8670.0
2016-09-07,9478.0
2016-09-08,6893.0
2016-09-09,8678.0
2016-09-10,14384.0
2016-09-11,14256.0
2016-09-12,8812.0
2016-09-13,6651.0
2016-09-14,7718.0
2016-09-15,6245.0
2016-09-16,9797.0
2016-09-17,13750.0
2016-09-18,15346.0
2016-09-19,8424.0
2016-09-20,7515.0
2016-09-21,7822.0
2016-09-22,6568.0
2016-09-23,8294.0
2016-09-24,14264.0
2016-09-25,15168.0
2016-09-26,8454.0
2016-09-27,8556.0
2016-09-28,7915.0
2016-09-29,7029.0
2016-09-30,10317.0
2016-10-01,18372.0
2016-10-03,10561.0
2016-10-04,8643.0
2016-10-05,9933.0
2016-10-06,5324.0
2016-10-07,9358.0
2016-10-08,14648.0
2016-10-09,15633.0
2016-10-10,9062.0
2016-10-11,6892.0
2016-10-12,8586.0
2016-10-13,8002.0
2016-10-14,9634.0
2016-10-15,13861.0
2016-10-16,17821.0
2016-10-17,9314.0
2016-10-18,8214.0
2016-10-19,8447.0
2016-10-20,6820.0
2016-10-21,8953.0
2016-10-22,12836.0
2016-10-23,14591.0
2016-10-24,7273.0
2016-10-25,7053.0
2016-10-26,8260.0
2016-10-27,6668.0
2016-10-28,9463.0
2016-10-29,14177.0
2016-10-30,15245.0
2016-10-31,7868.0
2016-11-01,10202.0
2016-11-02,15817.0
2016-11-03,10700.0
2016-11-04,12775.0
2016-11-05,13876.0
2016-11-06,17622.0
2016-11-07,10258.0
2016-11-08,9320.0
2016-11-09,11289.0
2016-11-10,9440.0
2016-11-11,8793.0
2016-11-12,15433.0
2016-11-14,10022.0
2016-11-15,7073.0
2016-11-16,11851.0
2016-11-17,7536.0
2016-11-18,9225.0
2016-11-19,15356.0
2016-11-20,18054.0
2016-11-21,8744.0
2016-11-22,7603.0
2016-11-23,9462.0
2016-11-24,8266.0
2016-11-25,10972.0
2016-11-26,14223.0
2016-11-27,18659.0
2016-11-28,10143.0
2016-11-29,7469.0
2016-11-30,10031.0
2016-12-01,9130.0
2016-12-02,10795.0
2016-12-03,14981.0
2016-12-04,18038.0
2016-12-05,9124.0
2016-12-06,13847.0
2016-12-07,10723.0
2016-12-08,9098.0
2016-12-09,11965.0
2016-12-10,13225.0
2016-12-11,15547.0
2016-12-12,9216.0
2016-12-13,8074.0
2016-12-14,9949.0
2016-12-15,8313.0
2016-12-16,9047.0
2016-12-17,14315.0
2016-12-18,16208.0
2016-12-19,9719.0
2016-12-20,9981.0
2016-12-21,10617.0
2016-12-22,9752.0
2016-12-23,11122.0
2016-12-24,10786.0
2016-12-26,13781.0
2016-12-27,9107.0
2016-12-28,9592.0
2016-12-29,9289.0
2016-12-30,13050.0
2016-12-31,12033.0
2017-01-03,13087.0
2017-01-04,12080.0
2017-01-05,9631.0
2017-01-06,10985.0
2017-01-07,17330.0
2017-01-08,18565.0
2017-01-09,10009.0
2017-01-10,9083.0
2017-01-11,9936.0
2017-01-12,8659.0
2017-01-13,11407.0
2017-01-14,17159.0
2017-01-16,10336.0
2017-01-17,9122.0
2017-01-18,9705.0
2017-01-19,7946.0
2017-01-20,9818.0
2017-01-21,18168.0
2017-01-22,19252.0
2017-01-23,10157.0
2017-01-24,8660.0
2017-01-25,8465.0
2017-01-26,8016.0
2017-01-27,8709.0
2017-01-28,15203.0
2017-01-29,16050.0
2017-01-30,7884.0
2017-01-31,8357.0
2017-02-01,11593.0
2017-02-02,7838.0
2017-02-03,9710.0
2017-02-04,16289.0
2017-02-05,16596.0
2017-02-06,9258.0
2017-02-07,8224.0
2017-02-08,10278.0
2017-02-09,7817.0
2017-02-10,10887.0
2017-02-11,13680.0
2017-02-12,16384.0
2017-02-13,9252.0
2017-02-14,6174.0
2017-02-15,7854.0
2017-02-16,7829.0
2017-02-17,9524.0
2017-02-18,16331.0
2017-02-19,12023.0
2017-02-20,6004.0
2017-02-21,7177.0
2017-02-22,7856.0
2017-02-23,8018.0
2017-02-24,10208.0
2017-02-25,12361.0
2017-02-26,10108.0
2017-02-27,10006.0
2017-02-28,14374.0
2017-03-01,10153.0
2017-03-02,8918.0
2017-03-03,10257.0
2017-03-04,16991.0
2017-03-05,18304.0
2017-03-06,8413.0
2017-03-07,8360.0
2017-03-08,8632.0
2017-03-09,8816.0
2017-03-10,10087.0
2017-03-11,15131.0
2017-03-12,18556.0
2017-03-13,8803.0
2017-03-14,8690.0
2017-03-15,9199.0
2017-03-16,8148.0
2017-03-17,11616.0
2017-03-18,16510.0
2017-03-20,9094.0
2017-03-21,8156.0
2017-03-22,9596.0
2017-03-23,8146.0
2017-03-24,10130.0
2017-03-25,18373.0
2017-03-26,18808.0
2017-03-27,9775.0
2017-03-28,6195.0
2017-03-29,10385.0
2017-03-30,7849.0
2017-03-31,11362.0
2017-04-02,11455.0
2017-04-03,7310.0
2017-04-04,6834.0
2017-04-05,8439.0
2017-04-06,6710.0
2017-04-07,9258.0
2017-04-08,13614.0
2017-04-09,17285.0
2017-04-10,7488.0
2017-04-11,7195.0
2017-04-12,8037.0
2017-04-13,9783.0
2017-04-14,10526.0
2017-04-15,12784.0
2017-04-16,15012.0
2017-04-17,8431.0
2017-04-18,8037.0
2017-04-19,9182.0
2017-04-20,6768.0
2017-04-21,9791.0
2017-04-22,13196.0
2017-04-23,18826.0
2017-04-24,8158.0
2017-04-25,8452.0
2017-04-26,8798.0
2017-04-27,7730.0
2017-04-28,10093.0
2017-04-29,15235.0
2017-04-30,14909.0
2017-05-01,17300.0
2017-05-02,10123.0
2017-05-03,10371.0
2017-05-04,7552.0
2017-05-05,9235.0
2017-05-06,16925.0
2017-05-07,16061.0
2017-05-08,8862.0
2017-05-09,7362.0
2017-05-10,7713.0
2017-05-11,6281.0
2017-05-12,8841.0
2017-05-13,16742.0
2017-05-14,12164.0
2017-05-15,7871.0
2017-05-16,8479.0
2017-05-17,9571.0
2017-05-18,7250.0
2017-05-19,9255.0
2017-05-20,15186.0
2017-05-21,17163.0
2017-05-22,8876.0
2017-05-23,7656.0
2017-05-24,8900.0
2017-05-25,7480.0
2017-05-26,14163.0
2017-05-27,12794.0
2017-05-28,14444.0
2017-05-29,8496.0
2017-05-30,8203.0
2017-05-31,8474.0
2017-06-01,8799.0
2017-06-02,12792.0
2017-06-03,17039.0
2017-06-05,10439.0
2017-06-06,8952.0
2017-06-07,10017.0
2017-06-08,7687.0
2017-06-09,10107.0
2017-06-10,16613.0
2017-06-11,18663.0
2017-06-12,8657.0
2017-06-13,8528.0
2017-06-14,8331.0
2017-06-15,8100.0
2017-06-16,11023.0
2017-06-17,16466.0
2017-06-18,12672.0
2017-06-19,10193.0
2017-06-20,9011.0
2017-06-21,8297.0
2017-06-22,5784.0
2017-06-23,8512.0
2017-06-24,12449.0
2017-06-25,15532.0
2017-06-26,7714.0
2017-06-27,7440.0
2017-06-28,8096.0
2017-06-29,6528.0
2017-06-30,9066.0
2017-07-01,17179.0
2017-07-02,17718.0
2017-07-03,9802.0
2017-07-04,7573.0
2017-07-05,8976.0
2017-07-06,6593.0
2017-07-07,9117.0
2017-07-08,15807.0
2017-07-09,15670.0
2017-07-10,8760.0
2017-07-11,7982.0
2017-07-12,9036.0
2017-07-13,10470.0
2017-07-14,9727.0
2017-07-15,18221.0
2017-07-16,16317.0
2017-07-17,10285.0
2017-07-18,8366.0
2017-07-19,9559.0
2017-07-20,7934.0
2017-07-21,9026.0
2017-07-22,15048.0
2017-07-23,14396.0
2017-07-24,9830.0
2017-07-25,6862.0
2017-07-26,7453.0
2017-07-27,7400.0
2017-07-28,10013.0
2017-07-29,16087.0
2017-07-30,18340.0
2017-07-31,10860.0
2017-08-01,10808.0
2017-08-02,9461.0
2017-08-03,7396.0
2017-08-04,8620.0
2017-08-05,12455.0
2017-08-06,12913.0
2017-08-07,8254.0
2017-08-08,6967.0
2017-08-09,7679.0
2017-08-10,7595.0
2017-08-11,9517.0
2017-08-12,9624.0
2017-08-13,10491.0
2017-08-14,7322.0
2017-08-15,7351.0
