date,family,quantity
2013-01-01,AUTOMOTIVE,539.0
2013-01-01,BEAUTY,220.0
2013-01-01,BEVERAGES,134704.0
2013-01-01,BREAD/BAKERY,30754.766
2013-01-01,CLEANING,79143.0
2013-01-01,DAIRY,45935.0
2013-01-01,DELI,16604.55798
2013-01-01,EGGS,19285.0
2013-01-01,FROZEN FOODS,11760.96
2013-01-01,GROCERY I,241910.0
2013-01-01,GROCERY II,2446.0
2013-01-01,HARDWARE,121.0
2013-01-01,LAWN AND GARDEN,234.0
2013-01-01,LINGERIE,635.0
2013-01-01,"LIQUOR,WINE,BEER",7006.0
2013-01-01,MEATS,29958.565
2013-01-01,PERSONAL CARE,17087.0
2013-01-01,POULTRY,18843.47697
2013-01-01,PREPARED FOODS,15528.269
2013-01-01,SEAFOOD,3679.544004
2013-02-01,AUTOMOTIVE,506.0
2013-02-01,BEAUTY,173.0
2013-02-01,BEVERAGES,113249.0
2013-02-01,BREAD/BAKERY,27622.757999999998
2013-02-01,CLEANING,68438.0
2013-02-01,DAIRY,43700.0
2013-02-01,DELI,15078.212
2013-02-01,EGGS,17532.0
2013-02-01,FROZEN FOODS,9626.55802
2013-02-01,GROCERY I,215495.0
2013-02-01,GROCERY II,2120.0
2013-02-01,HARDWARE,124.0
2013-02-01,HOME APPLIANCES,11.0
2013-02-01,LAWN AND GARDEN,183.0
2013-02-01,LINGERIE,778.0
2013-02-01,"LIQUOR,WINE,BEER",6556.0
2013-02-01,MEATS,26994.102
2013-02-01,PERSONAL CARE,13831.0
2013-02-01,POULTRY,16667.67198
2013-02-01,PREPARED FOODS,13079.989
2013-02-01,SEAFOOD,3762.260012
2013-03-01,AUTOMOTIVE,574.0
2013-03-01,BEAUTY,178.0
2013-03-01,BEVERAGES,141401.0
2013-03-01,BREAD/BAKERY,33254.92287
2013-03-01,CLEANING,79165.0
2013-03-01,DAIRY,53957.0
2013-03-01,DELI,17688.763
2013-03-01,EGGS,20239.0
2013-03-01,FROZEN FOODS,12292.364
2013-03-01,GROCERY I,244823.0
2013-03-01,GROCERY II,2609.0
2013-03-01,HARDWARE,134.0
2013-03-01,HOME APPLIANCES,105.0
2013-03-01,LAWN AND GARDEN,227.0
2013-03-01,LINGERIE,537.0
2013-03-01,"LIQUOR,WINE,BEER",8036.0
2013-03-01,MEATS,29534.8541
2013-03-01,PERSONAL CARE,12459.0
2013-03-01,POULTRY,18546.16803
2013-03-01,PREPARED FOODS,16604.85702
2013-03-01,PRODUCE,435.0
2013-03-01,SEAFOOD,4502.93898
2013-04-01,AUTOMOTIVE,645.0
2013-04-01,BEAUTY,185.0
2013-04-01,BEVERAGES,132401.0
2013-04-01,BREAD/BAKERY,31971.088
2013-04-01,CLEANING,74701.0
2013-04-01,DAIRY,49255.0
2013-04-01,DELI,17157.78
2013-04-01,EGGS,19315.0
2013-04-01,FROZEN FOODS,12607.42802
2013-04-01,GROCERY I,237864.0
2013-04-01,GROCERY II,2395.0
2013-04-01,HARDWARE,103.0
2013-04-01,HOME APPLIANCES,91.0
2013-04-01,LAWN AND GARDEN,218.0
2013-04-01,LINGERIE,521.0
2013-04-01,"LIQUOR,WINE,BEER",7630.0
2013-04-01,MEATS,28431.59694
2013-04-01,PERSONAL CARE,14435.0
2013-04-01,POULTRY,18195.69197
2013-04-01,PREPARED FOODS,14074.53084
2013-04-01,PRODUCE,763.0
2013-04-01,SEAFOOD,3994.10701
2013-05-01,AUTOMOTIVE,670.0
2013-05-01,BEAUTY,175.0
2013-05-01,BEVERAGES,129241.0
2013-05-01,BREAD/BAKERY,31649.69903
2013-05-01,CLEANING,73716.0
2013-05-01,DAIRY,50641.0
2013-05-01,DELI,17125.008
2013-05-01,EGGS,19750.0
2013-05-01,FROZEN FOODS,13724.909959999999
2013-05-01,GROCERY I,242045.0
2013-05-01,GROCERY II,2673.0
2013-05-01,HARDWARE,94.0
2013-05-01,HOME APPLIANCES,87.0
2013-05-01,LAWN AND GARDEN,283.0
2013-05-01,LINGERIE,429.0
2013-05-01,"LIQUOR,WINE,BEER",8811.0
2013-05-01,MEATS,30371.807
2013-05-01,PERSONAL CARE,12189.0
2013-05-01,POULTRY,19712.76996
2013-05-01,PREPARED FOODS,14038.51095
2013-05-01,PRODUCE,1016.0
2013-05-01,SEAFOOD,4238.673006
2013-06-01,AUTOMOTIVE,558.0
2013-06-01,BEAUTY,213.0
2013-06-01,BEVERAGES,129758.0
2013-06-01,BREAD/BAKERY,31564.99307
2013-06-01,CLEANING,73599.0
2013-06-01,DAIRY,50279.0
2013-06-01,DELI,16576.173
2013-06-01,EGGS,19922.0
2013-06-01,FROZEN FOODS,15368.20898
2013-06-01,GROCERY I,237982.0
2013-06-01,GROCERY II,2468.0
2013-06-01,HARDWARE,83.0
2013-06-01,HOME APPLIANCES,92.0
2013-06-01,LAWN AND GARDEN,318.0
2013-06-01,LINGERIE,577.0
2013-06-01,"LIQUOR,WINE,BEER",8898.0
2013-06-01,MEATS,29600.55894
2013-06-01,PERSONAL CARE,11553.0
2013-06-01,POULTRY,18809.81697
2013-06-01,PREPARED FOODS,13714.17408
2013-06-01,PRODUCE,1024.0
2013-06-01,SEAFOOD,3345.65999
2013-07-01,AUTOMOTIVE,534.0
2013-07-01,BEAUTY,268.0
2013-07-01,BEVERAGES,116986.0
2013-07-01,BREAD/BAKERY,28810.832000000002
2013-07-01,CLEANING,69828.0
2013-07-01,DAIRY,49342.0
2013-07-01,DELI,15341.195
2013-07-01,EGGS,18167.0
2013-07-01,FROZEN FOODS,15306.027
2013-07-01,GROCERY I,234664.0
2013-07-01,GROCERY II,2384.0
2013-07-01,HARDWARE,115.0
2013-07-01,HOME APPLIANCES,78.0
2013-07-01,LAWN AND GARDEN,206.0
2013-07-01,LINGERIE,451.0
2013-07-01,"LIQUOR,WINE,BEER",8345.0
2013-07-01,MEATS,28513.02
2013-07-01,PERSONAL CARE,11953.0
2013-07-01,POULTRY,17422.53397
2013-07-01,PREPARED FOODS,14369.28501
2013-07-01,PRODUCE,749.0
2013-07-01,SEAFOOD,3735.686991
2013-08-01,AUTOMOTIVE,490.0
2013-08-01,BEAUTY,268.0
2013-08-01,BEVERAGES,121577.0
2013-08-01,BREAD/BAKERY,29397.38403
2013-08-01,CLEANING,70777.0
2013-08-01,DAIRY,50221.0
2013-08-01,DELI,16301.04798
2013-08-01,EGGS,18265.0
2013-08-01,FROZEN FOODS,14585.036
2013-08-01,GROCERY I,243398.0
2013-08-01,GROCERY II,2312.0
2013-08-01,HARDWARE,131.0
2013-08-01,HOME APPLIANCES,66.0
2013-08-01,LAWN AND GARDEN,180.0
2013-08-01,LINGERIE,419.0
2013-08-01,"LIQUOR,WINE,BEER",8557.0
2013-08-01,MEATS,28276.05403
2013-08-01,PERSONAL CARE,12338.0
2013-08-01,POULTRY,18367.22
2013-08-01,PREPARED FOODS,13703.02893
2013-08-01,PRODUCE,837.0
2013-08-01,SEAFOOD,3638.601012
2013-09-01,AUTOMOTIVE,476.0
2013-09-01,BEAUTY,172.0
2013-09-01,BEVERAGES,134477.0
2013-09-01,BREAD/BAKERY,33516.35187
2013-09-01,CLEANING,72813.0
2013-09-01,DAIRY,51930.0
2013-09-01,DELI,17893.03402
2013-09-01,EGGS,19258.0
2013-09-01,FROZEN FOODS,15107.73298
2013-09-01,GROCERY I,249854.0
2013-09-01,GROCERY II,2534.0
2013-09-01,HARDWARE,120.0
2013-09-01,HOME APPLIANCES,71.0
2013-09-01,LAWN AND GARDEN,290.0
2013-09-01,LINGERIE,519.0
2013-09-01,"LIQUOR,WINE,BEER",7792.0
2013-09-01,MEATS,29393.3641
2013-09-01,PERSONAL CARE,13568.0
2013-09-01,POULTRY,18045.93194
2013-09-01,PREPARED FOODS,13322.82893
2013-09-01,PRODUCE,798.0
2013-09-01,SEAFOOD,3763.92198
2013-10-01,AUTOMOTIVE,497.0
2013-10-01,BEAUTY,236.0
2013-10-01,BEVERAGES,124148.0
2013-10-01,BREAD/BAKERY,33789.517
2013-10-01,CLEANING,69986.0
2013-10-01,DAIRY,51124.0
2013-10-01,DELI,17220.88998
2013-10-01,EGGS,18042.0
2013-10-01,FROZEN FOODS,14579.31598
2013-10-01,GROCERY I,247008.0
2013-10-01,GROCERY II,2426.0
2013-10-01,HARDWARE,127.0
2013-10-01,HOME APPLIANCES,58.0
2013-10-01,LAWN AND GARDEN,179.0
2013-10-01,LINGERIE,581.0
2013-10-01,"LIQUOR,WINE,BEER",7674.0
2013-10-01,MEATS,29938.5119
2013-10-01,PERSONAL CARE,12138.0
2013-10-01,POULTRY,18295.429959999998
2013-10-01,PREPARED FOODS,12820.55196
2013-10-01,PRODUCE,538.0
2013-10-01,SEAFOOD,3182.683
2013-11-01,AUTOMOTIVE,621.0
2013-11-01,BEAUTY,216.0
2013-11-01,BEVERAGES,131060.0
2013-11-01,BREAD/BAKERY,34237.11797
2013-11-01,CLEANING,71834.0
2013-11-01,DAIRY,67679.0
2013-11-01,DELI,17829.364
2013-11-01,EGGS,18960.0
2013-11-01,FROZEN FOODS,15986.50995
2013-11-01,GROCERY I,315937.0
2013-11-01,GROCERY II,2284.0
2013-11-01,HARDWARE,106.0
2013-11-01,HOME APPLIANCES,97.0
2013-11-01,LAWN AND GARDEN,173.0
2013-11-01,LINGERIE,535.0
2013-11-01,"LIQUOR,WINE,BEER",9481.0
2013-11-01,MEATS,30389.02696
2013-11-01,PERSONAL CARE,16175.0
2013-11-01,POULTRY,40759.151
2013-11-01,PREPARED FOODS,14260.93594
2013-11-01,PRODUCE,771.0
2013-11-01,SEAFOOD,3327.570008
2013-12-01,AUTOMOTIVE,613.0
2013-12-01,BEAUTY,242.0
2013-12-01,BEVERAGES,142792.0
2013-12-01,BREAD/BAKERY,32621.194
2013-12-01,CLEANING,81457.0
2013-12-01,DAIRY,83149.0
2013-12-01,DELI,19417.893
2013-12-01,EGGS,18760.0
2013-12-01,FROZEN FOODS,60848.8871
2013-12-01,GROCERY I,345746.0
2013-12-01,GROCERY II,3335.0
2013-12-01,HARDWARE,110.0
2013-12-01,HOME APPLIANCES,83.0
2013-12-01,LAWN AND GARDEN,366.0
2013-12-01,LINGERIE,488.0
2013-12-01,"LIQUOR,WINE,BEER",15232.0
2013-12-01,MEATS,30377.19079
2013-12-01,PERSONAL CARE,16977.0
2013-12-01,POULTRY,45592.9871
2013-12-01,PREPARED FOODS,14797.095
2013-12-01,PRODUCE,1100.0
2013-12-01,SEAFOOD,3355.311991
2014-01-01,AUTOMOTIVE,712.0
2014-01-01,BEAUTY,294.0
2014-01-01,BEVERAGES,264216.0
2014-01-01,BREAD/BAKERY,35618.966029999996
2014-01-01,CELEBRATION,1253.0
2014-01-01,CLEANING,80674.0
2014-01-01,DAIRY,79848.0
2014-01-01,DELI,17837.26962
2014-01-01,EGGS,19849.0
2014-01-01,FROZEN FOODS,15105.95702
2014-01-01,GROCERY I,258424.0
2014-01-01,GROCERY II,2494.0
2014-01-01,HARDWARE,174.0
2014-01-01,HOME AND KITCHEN I,2025.0
2014-01-01,HOME AND KITCHEN II,822.0
2014-01-01,HOME APPLIANCES,52.0
2014-01-01,HOME CARE,20443.0
2014-01-01,LADIESWEAR,977.0
2014-01-01,LAWN AND GARDEN,388.0
2014-01-01,LINGERIE,528.0
2014-01-01,"LIQUOR,WINE,BEER",8413.0
2014-01-01,MAGAZINES,164.0
2014-01-01,MEATS,26245.14814
2014-01-01,PERSONAL CARE,17252.0
2014-01-01,PET SUPPLIES,655.0
2014-01-01,PLAYERS AND ELECTRONICS,1532.0
2014-01-01,POULTRY,43992.45487
2014-01-01,PREPARED FOODS,15938.97504
2014-01-01,PRODUCE,321565.674
2014-01-01,SCHOOL AND OFFICE SUPPLIES,293.0
2014-01-01,SEAFOOD,3897.548495
2014-02-01,AUTOMOTIVE,547.0
2014-02-01,BEAUTY,187.0
2014-02-01,BEVERAGES,129620.0
2014-02-01,BREAD/BAKERY,30346.1829
2014-02-01,CLEANING,67621.0
2014-02-01,DAIRY,69863.0
2014-02-01,DELI,15359.43362
2014-02-01,EGGS,17820.0
2014-02-01,FROZEN FOODS,13947.10197
2014-02-01,GROCERY I,234679.0
2014-02-01,GROCERY II,1976.0
2014-02-01,HARDWARE,110.0
2014-02-01,HOME APPLIANCES,97.0
2014-02-01,LAWN AND GARDEN,328.0
2014-02-01,LINGERIE,546.0
2014-02-01,"LIQUOR,WINE,BEER",7859.0
2014-02-01,MEATS,26045.86363
2014-02-01,PERSONAL CARE,12991.0
2014-02-01,POULTRY,39493.90598
2014-02-01,PREPARED FOODS,13228.17503
2014-02-01,PRODUCE,774.0
2014-02-01,SEAFOOD,3450.210977
2014-03-01,AUTOMOTIVE,713.0
2014-03-01,BEAUTY,296.0
2014-03-01,BEVERAGES,295152.0
2014-03-01,BREAD/BAKERY,38356.751
2014-03-01,CELEBRATION,983.0
2014-03-01,CLEANING,83715.0
2014-03-01,DAIRY,83602.0
2014-03-01,DELI,19091.6265
2014-03-01,EGGS,21755.0
2014-03-01,FROZEN FOODS,15399.283
2014-03-01,GROCERY I,286898.0
2014-03-01,GROCERY II,2936.0
2014-03-01,HARDWARE,161.0
2014-03-01,HOME AND KITCHEN I,1953.0
2014-03-01,HOME AND KITCHEN II,988.0
2014-03-01,HOME APPLIANCES,88.0
2014-03-01,HOME CARE,19946.0
2014-03-01,LADIESWEAR,863.0
2014-03-01,LAWN AND GARDEN,477.0
2014-03-01,LINGERIE,584.0
2014-03-01,"LIQUOR,WINE,BEER",8773.0
2014-03-01,MAGAZINES,173.0
2014-03-01,MEATS,31051.4077
2014-03-01,PERSONAL CARE,12428.0
2014-03-01,PET SUPPLIES,959.0
2014-03-01,PLAYERS AND ELECTRONICS,1300.0
2014-03-01,POULTRY,46125.7143
2014-03-01,PREPARED FOODS,16484.307
2014-03-01,PRODUCE,331001.82
2014-03-01,SCHOOL AND OFFICE SUPPLIES,382.0
2014-03-01,SEAFOOD,4213.751986
2014-04-01,AUTOMOTIVE,660.0
2014-04-01,BEAUTY,196.0
2014-04-01,BEVERAGES,161846.0
2014-04-01,BREAD/BAKERY,33315.9109
2014-04-01,CLEANING,71550.0
2014-04-01,DAIRY,80563.0
2014-04-01,DELI,18146.279
2014-04-01,EGGS,19794.0
2014-04-01,FROZEN FOODS,14126.50997
2014-04-01,GROCERY I,266740.0
2014-04-01,GROCERY II,2359.0
2014-04-01,HARDWARE,93.0
2014-04-01,HOME APPLIANCES,83.0
2014-04-01,LAWN AND GARDEN,271.0
2014-04-01,LINGERIE,533.0
2014-04-01,"LIQUOR,WINE,BEER",8800.0
2014-04-01,MEATS,27733.0522
2014-04-01,PERSONAL CARE,14840.0
2014-04-01,POULTRY,39731.6948
2014-04-01,PREPARED FOODS,15905.13499
2014-04-01,PRODUCE,803.0
2014-04-01,SEAFOOD,3501.042703
2014-05-01,AUTOMOTIVE,477.0
2014-05-01,BEAUTY,128.0
2014-05-01,BEVERAGES,149653.0
2014-05-01,BREAD/BAKERY,35853.71607
2014-05-01,CLEANING,74227.0
2014-05-01,DAIRY,81588.0
2014-05-01,DELI,19348.48023
2014-05-01,EGGS,20419.0
2014-05-01,FROZEN FOODS,15768.415
2014-05-01,GROCERY I,273557.0
2014-05-01,GROCERY II,2905.0
2014-05-01,HARDWARE,101.0
2014-05-01,HOME APPLIANCES,44.0
2014-05-01,LAWN AND GARDEN,328.0
2014-05-01,LINGERIE,474.0
2014-05-01,"LIQUOR,WINE,BEER",9977.0
2014-05-01,MEATS,32152.047599999998
2014-05-01,PERSONAL CARE,17838.0
2014-05-01,POULTRY,43351.7068
2014-05-01,PREPARED FOODS,15099.94295
2014-05-01,PRODUCE,1036.0
2014-05-01,SEAFOOD,4281.832601
2014-06-01,AUTOMOTIVE,625.0
2014-06-01,BEAUTY,115.0
2014-06-01,BEVERAGES,151647.0
2014-06-01,BREAD/BAKERY,36501.275
2014-06-01,CLEANING,74865.0
2014-06-01,DAIRY,77794.0
2014-06-01,DELI,18229.20098
2014-06-01,EGGS,19450.0
2014-06-01,FROZEN FOODS,15209.51
2014-06-01,GROCERY I,260157.0
2014-06-01,GROCERY II,2751.0
2014-06-01,HARDWARE,89.0
2014-06-01,HOME APPLIANCES,40.0
2014-06-01,LAWN AND GARDEN,270.0
2014-06-01,LINGERIE,495.0
2014-06-01,"LIQUOR,WINE,BEER",11451.0
2014-06-01,MEATS,30550.41953
2014-06-01,PERSONAL CARE,16786.0
2014-06-01,POULTRY,40459.5078
2014-06-01,PREPARED FOODS,14568.84409
2014-06-01,PRODUCE,934.0
2014-06-01,SEAFOOD,3890.335894
2014-07-01,AUTOMOTIVE,573.0
2014-07-01,BEAUTY,324.0
2014-07-01,BEVERAGES,273735.0
2014-07-01,BREAD/BAKERY,37938.217
2014-07-01,CELEBRATION,625.0
2014-07-01,CLEANING,80218.0
2014-07-01,DAIRY,75140.0
2014-07-01,DELI,17558.982
2014-07-01,EGGS,20009.0
2014-07-01,FROZEN FOODS,15987.192
2014-07-01,GROCERY I,271062.0
2014-07-01,GROCERY II,2235.0
2014-07-01,HARDWARE,101.0
2014-07-01,HOME AND KITCHEN I,2682.0
2014-07-01,HOME AND KITCHEN II,870.0
2014-07-01,HOME CARE,19100.0
2014-07-01,LADIESWEAR,1059.0
2014-07-01,LAWN AND GARDEN,312.0
2014-07-01,LINGERIE,761.0
2014-07-01,"LIQUOR,WINE,BEER",9709.0
2014-07-01,MAGAZINES,152.0
2014-07-01,MEATS,29009.883139999998
2014-07-01,PERSONAL CARE,18566.0
2014-07-01,PET SUPPLIES,821.0
2014-07-01,PLAYERS AND ELECTRONICS,962.0
2014-07-01,POULTRY,40924.86697
2014-07-01,PREPARED FOODS,15320.72196
2014-07-01,PRODUCE,317894.559
2014-07-01,SCHOOL AND OFFICE SUPPLIES,209.0
2014-07-01,SEAFOOD,3748.293979
2014-08-01,AUTOMOTIVE,732.0
2014-08-01,BEAUTY,273.0
2014-08-01,BEVERAGES,170438.0
2014-08-01,BREAD/BAKERY,45571.4542
2014-08-01,CLEANING,84535.0
2014-08-01,DAIRY,83699.0
2014-08-01,DELI,19515.727030000002
2014-08-01,EGGS,23889.0
2014-08-01,FROZEN FOODS,17117.135
2014-08-01,GROCERY I,304385.0
2014-08-01,GROCERY II,2514.0
2014-08-01,HARDWARE,104.0
2014-08-01,HOME APPLIANCES,35.0
2014-08-01,LAWN AND GARDEN,352.0
2014-08-01,LINGERIE,709.0
2014-08-01,"LIQUOR,WINE,BEER",9529.0
2014-08-01,MEATS,34085.426
2014-08-01,PERSONAL CARE,20603.0
2014-08-01,POULTRY,47637.526
2014-08-01,PREPARED FOODS,15358.17502
2014-08-01,PRODUCE,1041.0
2014-08-01,SEAFOOD,4108.346995
2014-09-01,AUTOMOTIVE,799.0
2014-09-01,BEAUTY,366.0
2014-09-01,BEVERAGES,318312.0
2014-09-01,BREAD/BAKERY,51485.2111
2014-09-01,CELEBRATION,3023.0
2014-09-01,CLEANING,85877.0
2014-09-01,DAIRY,91739.0
2014-09-01,DELI,19856.823
2014-09-01,EGGS,24407.0
2014-09-01,FROZEN FOODS,16081.3
2014-09-01,GROCERY I,295769.0
2014-09-01,GROCERY II,2590.0
2014-09-01,HARDWARE,137.0
2014-09-01,HOME AND KITCHEN I,3478.0
2014-09-01,HOME AND KITCHEN II,1025.0
2014-09-01,HOME APPLIANCES,58.0
2014-09-01,HOME CARE,19531.0
2014-09-01,LADIESWEAR,1248.0
2014-09-01,LAWN AND GARDEN,310.0
2014-09-01,LINGERIE,608.0
2014-09-01,"LIQUOR,WINE,BEER",9131.0
2014-09-01,MAGAZINES,210.0
2014-09-01,MEATS,34582.4162
2014-09-01,PERSONAL CARE,18966.0
2014-09-01,PET SUPPLIES,700.0
2014-09-01,PLAYERS AND ELECTRONICS,1347.0
2014-09-01,POULTRY,50448.390999999996
2014-09-01,PREPARED FOODS,16259.85105
2014-09-01,PRODUCE,367752.226
2014-09-01,SCHOOL AND OFFICE SUPPLIES,1490.0
2014-09-01,SEAFOOD,4404.39301
2014-10-01,AUTOMOTIVE,829.0
2014-10-01,BEAUTY,395.0
2014-10-01,BEVERAGES,301475.0
2014-10-01,BREAD/BAKERY,48099.884
2014-10-01,CELEBRATION,669.0
2014-10-01,CLEANING,85288.0
2014-10-01,DAIRY,88576.0
2014-10-01,DELI,18940.406
2014-10-01,EGGS,23551.0
2014-10-01,FROZEN FOODS,15694.173999999999
2014-10-01,GROCERY I,307372.0
2014-10-01,GROCERY II,2660.0
2014-10-01,HARDWARE,124.0
2014-10-01,HOME AND KITCHEN I,3066.0
2014-10-01,HOME AND KITCHEN II,1160.0
2014-10-01,HOME APPLIANCES,51.0
2014-10-01,HOME CARE,20113.0
2014-10-01,LADIESWEAR,939.0
2014-10-01,LAWN AND GARDEN,354.0
2014-10-01,LINGERIE,630.0
2014-10-01,"LIQUOR,WINE,BEER",10003.0
2014-10-01,MAGAZINES,155.0
2014-10-01,MEATS,33511.57
2014-10-01,PERSONAL CARE,17916.0
2014-10-01,PET SUPPLIES,580.0
2014-10-01,PLAYERS AND ELECTRONICS,1394.0
2014-10-01,POULTRY,48064.0461
2014-10-01,PREPARED FOODS,16116.54607
2014-10-01,PRODUCE,356034.47
2014-10-01,SCHOOL AND OFFICE SUPPLIES,251.0
2014-10-01,SEAFOOD,4595.95099
2014-11-01,AUTOMOTIVE,618.0
2014-11-01,BEAUTY,360.0
2014-11-01,BEVERAGES,285437.0
2014-11-01,BREAD/BAKERY,43027.6779
2014-11-01,CELEBRATION,627.0
2014-11-01,CLEANING,77890.0
2014-11-01,DAIRY,81738.0
2014-11-01,DELI,19632.175
2014-11-01,EGGS,20634.0
2014-11-01,FROZEN FOODS,15588.887
2014-11-01,GROCERY I,296636.0
2014-11-01,GROCERY II,2533.0
2014-11-01,HARDWARE,193.0
2014-11-01,HOME AND KITCHEN I,3597.0
2014-11-01,HOME AND KITCHEN II,919.0
2014-11-01,HOME CARE,16605.0
2014-11-01,LADIESWEAR,1102.0
2014-11-01,LAWN AND GARDEN,290.0
2014-11-01,LINGERIE,670.0
2014-11-01,"LIQUOR,WINE,BEER",8917.0
2014-11-01,MAGAZINES,196.0
2014-11-01,MEATS,28832.541
2014-11-01,PERSONAL CARE,17313.0
2014-11-01,PET SUPPLIES,727.0
2014-11-01,PLAYERS AND ELECTRONICS,1430.0
2014-11-01,POULTRY,44236.4081
2014-11-01,PREPARED FOODS,14422.19299
2014-11-01,PRODUCE,321420.818
2014-11-01,SCHOOL AND OFFICE SUPPLIES,204.0
2014-11-01,SEAFOOD,4096.987011
2014-12-01,AUTOMOTIVE,781.0
2014-12-01,BEAUTY,366.0
2014-12-01,BEVERAGES,289674.0
2014-12-01,BREAD/BAKERY,40517.7408
2014-12-01,CELEBRATION,563.0
2014-12-01,CLEANING,88470.0
2014-12-01,DAIRY,84046.0
2014-12-01,DELI,20327.71203
2014-12-01,EGGS,19402.0
2014-12-01,FROZEN FOODS,54286.2526
2014-12-01,GROCERY I,392794.0
2014-12-01,GROCERY II,3818.0
2014-12-01,HARDWARE,186.0
2014-12-01,HOME AND KITCHEN I,4325.0
2014-12-01,HOME AND KITCHEN II,1011.0
2014-12-01,HOME APPLIANCES,44.0
2014-12-01,HOME CARE,15966.0
2014-12-01,LADIESWEAR,1425.0
2014-12-01,LAWN AND GARDEN,346.0
2014-12-01,LINGERIE,663.0
2014-12-01,"LIQUOR,WINE,BEER",16172.0
2014-12-01,MAGAZINES,229.0
2014-12-01,MEATS,29057.026
2014-12-01,PERSONAL CARE,18767.0
2014-12-01,PET SUPPLIES,916.0
2014-12-01,PLAYERS AND ELECTRONICS,1699.0
2014-12-01,POULTRY,43479.2122
2014-12-01,PREPARED FOODS,13534.31296
2014-12-01,PRODUCE,316705.5053
2014-12-01,SCHOOL AND OFFICE SUPPLIES,195.0
2014-12-01,SEAFOOD,3615.106019
2015-01-01,AUTOMOTIVE,647.0
2015-01-01,BEAUTY,284.0
2015-01-01,BEVERAGES,161074.0
2015-01-01,BREAD/BAKERY,43610.5301
2015-01-01,CLEANING,83507.0
2015-01-01,DAIRY,77969.0
2015-01-01,DELI,19641.845
2015-01-01,EGGS,20725.0
2015-01-01,FROZEN FOODS,14896.33098
2015-01-01,GROCERY I,275399.0
2015-01-01,GROCERY II,2544.0
2015-01-01,HARDWARE,59.0
2015-01-01,HOME AND KITCHEN I,3269.0
2015-01-01,HOME AND KITCHEN II,1250.0
2015-01-01,HOME APPLIANCES,88.0
2015-01-01,LAWN AND GARDEN,295.0
2015-01-01,LINGERIE,603.0
2015-01-01,"LIQUOR,WINE,BEER",8704.0
2015-01-01,MEATS,29995.91503
2015-01-01,PERSONAL CARE,20182.0
2015-01-01,POULTRY,43938.21403
2015-01-01,PREPARED FOODS,13844.66202
2015-01-01,PRODUCE,740.0
2015-01-01,SEAFOOD,4122.555004
2015-02-01,AUTOMOTIVE,525.0
2015-02-01,BEAUTY,273.0
2015-02-01,BEVERAGES,134535.0
2015-02-01,BREAD/BAKERY,35793.0721
2015-02-01,CLEANING,72452.0
2015-02-01,DAIRY,68039.0
2015-02-01,DELI,17230.256
2015-02-01,EGGS,18510.0
2015-02-01,FROZEN FOODS,12478.92
2015-02-01,GROCERY I,247334.0
2015-02-01,GROCERY II,2098.0
2015-02-01,HARDWARE,128.0
2015-02-01,HOME AND KITCHEN I,3175.0
2015-02-01,HOME AND KITCHEN II,1170.0
2015-02-01,HOME APPLIANCES,71.0
2015-02-01,LAWN AND GARDEN,238.0
2015-02-01,LINGERIE,666.0
2015-02-01,"LIQUOR,WINE,BEER",9425.0
2015-02-01,MEATS,26632.61903
2015-02-01,PERSONAL CARE,16672.0
2015-02-01,POULTRY,37883.08786
2015-02-01,PREPARED FOODS,12461.132
2015-02-01,PRODUCE,743.0
2015-02-01,SEAFOOD,3761.31702
2015-03-01,AUTOMOTIVE,878.0
2015-03-01,BEAUTY,249.0
2015-03-01,BEVERAGES,162528.0
2015-03-01,BREAD/BAKERY,43844.1631
2015-03-01,CLEANING,82305.0
2015-03-01,DAIRY,85408.0
2015-03-01,DELI,20020.56503
2015-03-01,EGGS,21047.0
2015-03-01,FROZEN FOODS,14199.086
2015-03-01,GROCERY I,291310.0
2015-03-01,GROCERY II,2276.0
2015-03-01,HARDWARE,134.0
2015-03-01,HOME AND KITCHEN I,3354.0
2015-03-01,HOME AND KITCHEN II,1292.0
2015-03-01,HOME APPLIANCES,82.0
2015-03-01,LAWN AND GARDEN,273.0
2015-03-01,LINGERIE,544.0
2015-03-01,"LIQUOR,WINE,BEER",10176.0
2015-03-01,MEATS,29502.50213
2015-03-01,PERSONAL CARE,18661.0
2015-03-01,POULTRY,42938.1162
2015-03-01,PREPARED FOODS,13668.20699
2015-03-01,PRODUCE,639.0
2015-03-01,SEAFOOD,4386.060994
2015-04-01,AUTOMOTIVE,559.0
2015-04-01,BEAUTY,224.0
2015-04-01,BEVERAGES,162062.0
2015-04-01,BREAD/BAKERY,39573.754
2015-04-01,CLEANING,77515.0
2015-04-01,DAIRY,78541.0
2015-04-01,DELI,17977.962
2015-04-01,EGGS,19919.0
2015-04-01,FROZEN FOODS,14335.627
2015-04-01,GROCERY I,272043.0
2015-04-01,GROCERY II,2282.0
2015-04-01,HARDWARE,111.0
2015-04-01,HOME AND KITCHEN I,2441.0
2015-04-01,HOME AND KITCHEN II,787.0
2015-04-01,HOME APPLIANCES,96.0
2015-04-01,LAWN AND GARDEN,304.0
2015-04-01,LINGERIE,647.0
2015-04-01,"LIQUOR,WINE,BEER",10231.0
2015-04-01,MAGAZINES,157.0
2015-04-01,MEATS,28503.391
2015-04-01,PERSONAL CARE,15913.0
2015-04-01,POULTRY,39821.34997
2015-04-01,PREPARED FOODS,13796.46401
2015-04-01,PRODUCE,760.0
2015-04-01,SEAFOOD,3948.829
2015-05-01,AUTOMOTIVE,556.0
2015-05-01,BEAUTY,313.0
2015-05-01,BEVERAGES,228352.0
2015-05-01,BREAD/BAKERY,42544.82903
2015-05-01,CLEANING,82295.0
2015-05-01,DAIRY,84482.0
2015-05-01,DELI,19642.957
2015-05-01,EGGS,21102.0
2015-05-01,FROZEN FOODS,15947.693
2015-05-01,GROCERY I,294322.0
2015-05-01,GROCERY II,2496.0
2015-05-01,HARDWARE,132.0
2015-05-01,HOME AND KITCHEN I,3448.0
2015-05-01,HOME AND KITCHEN II,1245.0
2015-05-01,HOME APPLIANCES,55.0
2015-05-01,HOME CARE,15041.0
2015-05-01,LAWN AND GARDEN,330.0
2015-05-01,LINGERIE,676.0
2015-05-01,"LIQUOR,WINE,BEER",10604.0
2015-05-01,MAGAZINES,254.0
2015-05-01,MEATS,31702.9509
2015-05-01,PERSONAL CARE,19103.0
2015-05-01,POULTRY,44591.2419
2015-05-01,PREPARED FOODS,13932.31201
2015-05-01,PRODUCE,1006.0
2015-05-01,SEAFOOD,4056.922995
2015-06-01,AUTOMOTIVE,565.0
2015-06-01,BEAUTY,260.0
2015-06-01,BEVERAGES,278380.0
2015-06-01,BREAD/BAKERY,37906.254
2015-06-01,CELEBRATION,1145.0
2015-06-01,CLEANING,76868.0
2015-06-01,DAIRY,78024.0
2015-06-01,DELI,17416.86497
2015-06-01,EGGS,18757.0
2015-06-01,FROZEN FOODS,14765.163
2015-06-01,GROCERY I,260040.0
2015-06-01,GROCERY II,2354.0
2015-06-01,HARDWARE,128.0
2015-06-01,HOME AND KITCHEN I,3010.0
2015-06-01,HOME AND KITCHEN II,2245.0
2015-06-01,HOME CARE,16775.0
2015-06-01,LADIESWEAR,1057.0
2015-06-01,LAWN AND GARDEN,284.0
2015-06-01,LINGERIE,642.0
2015-06-01,"LIQUOR,WINE,BEER",10621.0
2015-06-01,MAGAZINES,169.0
2015-06-01,MEATS,28087.1668
2015-06-01,PERSONAL CARE,15538.0
2015-06-01,PET SUPPLIES,706.0
2015-06-01,PLAYERS AND ELECTRONICS,999.0
2015-06-01,POULTRY,38553.261
2015-06-01,PREPARED FOODS,14287.019
2015-06-01,PRODUCE,313215.265
2015-06-01,SCHOOL AND OFFICE SUPPLIES,216.0
2015-06-01,SEAFOOD,3749.476005
2015-07-01,AUTOMOTIVE,580.0
2015-07-01,BEAUTY,258.0
2015-07-01,BEVERAGES,269845.0
2015-07-01,BREAD/BAKERY,38901.104999999996
2015-07-01,CELEBRATION,1071.0
2015-07-01,CLEANING,72927.0
2015-07-01,DAIRY,77249.0
2015-07-01,DELI,17600.868
2015-07-01,EGGS,19157.0
2015-07-01,FROZEN FOODS,15518.481
2015-07-01,GROCERY I,265636.0
2015-07-01,GROCERY II,2511.0
2015-07-01,HARDWARE,148.0
2015-07-01,HOME AND KITCHEN I,2857.0
2015-07-01,HOME AND KITCHEN II,1237.0
2015-07-01,HOME APPLIANCES,1.0
2015-07-01,HOME CARE,17309.0
2015-07-01,LADIESWEAR,1054.0
2015-07-01,LAWN AND GARDEN,243.0
2015-07-01,LINGERIE,581.0
2015-07-01,"LIQUOR,WINE,BEER",11100.0
2015-07-01,MAGAZINES,195.0
2015-07-01,MEATS,29083.888
2015-07-01,PERSONAL CARE,14977.0
2015-07-01,PET SUPPLIES,572.0
2015-07-01,PLAYERS AND ELECTRONICS,1048.0
2015-07-01,POULTRY,40849.244
2015-07-01,PREPARED FOODS,14691.24503
2015-07-01,PRODUCE,314920.7125
2015-07-01,SCHOOL AND OFFICE SUPPLIES,169.0
2015-07-01,SEAFOOD,3833.30101
2015-08-01,AUTOMOTIVE,548.0
2015-08-01,BEAUTY,435.0
2015-08-01,BEVERAGES,306903.0
2015-08-01,BREAD/BAKERY,40454.0119
2015-08-01,CELEBRATION,1108.0
2015-08-01,CLEANING,78864.0
2015-08-01,DAIRY,82518.0
2015-08-01,DELI,18014.314
2015-08-01,EGGS,19378.0
2015-08-01,FROZEN FOODS,15676.861
2015-08-01,GROCERY I,299401.0
2015-08-01,GROCERY II,2259.0
2015-08-01,HARDWARE,147.0
2015-08-01,HOME AND KITCHEN I,2127.0
2015-08-01,HOME AND KITCHEN II,1398.0
2015-08-01,HOME APPLIANCES,43.0
2015-08-01,HOME CARE,18451.0
2015-08-01,LADIESWEAR,1137.0
2015-08-01,LAWN AND GARDEN,290.0
2015-08-01,LINGERIE,937.0
2015-08-01,"LIQUOR,WINE,BEER",9927.0
2015-08-01,MAGAZINES,176.0
2015-08-01,MEATS,29538.057
2015-08-01,PERSONAL CARE,17530.0
2015-08-01,PET SUPPLIES,774.0
2015-08-01,PLAYERS AND ELECTRONICS,1620.0
2015-08-01,POULTRY,41015.09511
2015-08-01,PREPARED FOODS,14913.855
2015-08-01,PRODUCE,319722.0558
2015-08-01,SCHOOL AND OFFICE SUPPLIES,4071.0
2015-08-01,SEAFOOD,3817.377991
2015-09-01,AUTOMOTIVE,550.0
2015-09-01,BEAUTY,331.0
2015-09-01,BEVERAGES,335873.0
2015-09-01,BREAD/BAKERY,42370.0
2015-09-01,CELEBRATION,896.0
2015-09-01,CLEANING,78410.0
2015-09-01,DAIRY,78338.0
2015-09-01,DELI,18463.827
2015-09-01,EGGS,19108.0
2015-09-01,FROZEN FOODS,15120.599
2015-09-01,GROCERY I,294239.0
2015-09-01,GROCERY II,2275.0
2015-09-01,HARDWARE,206.0
2015-09-01,HOME AND KITCHEN I,4243.0
2015-09-01,HOME AND KITCHEN II,1100.0
2015-09-01,HOME CARE,16785.0
2015-09-01,LADIESWEAR,1124.0
2015-09-01,LAWN AND GARDEN,270.0
2015-09-01,LINGERIE,729.0
2015-09-01,"LIQUOR,WINE,BEER",9629.0
2015-09-01,MAGAZINES,143.0
2015-09-01,MEATS,29104.64803
2015-09-01,PERSONAL CARE,18080.0
2015-09-01,PET SUPPLIES,678.0
2015-09-01,PLAYERS AND ELECTRONICS,1994.0
2015-09-01,POULTRY,40412.259
2015-09-01,PREPARED FOODS,15034.04699
2015-09-01,PRODUCE,322916.35850000003
2015-09-01,SCHOOL AND OFFICE SUPPLIES,2825.0
2015-09-01,SEAFOOD,4181.252995
2015-10-01,AUTOMOTIVE,640.0
2015-10-01,BEAUTY,451.0
2015-10-01,BEVERAGES,314323.0
2015-10-01,BREAD/BAKERY,41093.614
2015-10-01,CELEBRATION,1521.0
2015-10-01,CLEANING,78446.0
2015-10-01,DAIRY,85313.0
2015-10-01,DELI,18447.212
2015-10-01,EGGS,19275.0
2015-10-01,FROZEN FOODS,16588.67198
2015-10-01,GROCERY I,332201.0
2015-10-01,GROCERY II,2176.0
2015-10-01,HARDWARE,201.0
2015-10-01,HOME AND KITCHEN I,4666.0
2015-10-01,HOME AND KITCHEN II,5118.0
2015-10-01,HOME APPLIANCES,53.0
2015-10-01,HOME CARE,16545.0
2015-10-01,LADIESWEAR,1043.0
2015-10-01,LAWN AND GARDEN,254.0
2015-10-01,LINGERIE,532.0
2015-10-01,"LIQUOR,WINE,BEER",10731.0
2015-10-01,MAGAZINES,679.0
2015-10-01,MEATS,29597.89597
2015-10-01,PERSONAL CARE,17487.0
2015-10-01,PET SUPPLIES,988.0
2015-10-01,PLAYERS AND ELECTRONICS,1341.0
2015-10-01,POULTRY,43328.8971
2015-10-01,PREPARED FOODS,15142.561029999999
2015-10-01,PRODUCE,322160.3875
2015-10-01,SCHOOL AND OFFICE SUPPLIES,280.0
2015-10-01,SEAFOOD,4096.025009
2015-11-01,AUTOMOTIVE,593.0
2015-11-01,BEAUTY,523.0
2015-11-01,BEVERAGES,294712.0
2015-11-01,BREAD/BAKERY,41145.0859
2015-11-01,CELEBRATION,1302.0
2015-11-01,CLEANING,76110.0
2015-11-01,DAIRY,85311.0
2015-11-01,DELI,17162.992
2015-11-01,EGGS,19265.0
2015-11-01,FROZEN FOODS,17401.314
2015-11-01,GROCERY I,310468.0
2015-11-01,GROCERY II,2361.0
2015-11-01,HARDWARE,220.0
2015-11-01,HOME AND KITCHEN I,5417.0
2015-11-01,HOME AND KITCHEN II,1454.0
2015-11-01,HOME APPLIANCES,65.0
2015-11-01,HOME CARE,17122.0
2015-11-01,LADIESWEAR,943.0
2015-11-01,LAWN AND GARDEN,286.0
2015-11-01,LINGERIE,480.0
2015-11-01,"LIQUOR,WINE,BEER",10139.0
2015-11-01,MAGAZINES,606.0
2015-11-01,MEATS,27734.702
2015-11-01,PERSONAL CARE,16318.0
2015-11-01,PET SUPPLIES,1162.0
2015-11-01,PLAYERS AND ELECTRONICS,1371.0
2015-11-01,POULTRY,43102.3012
2015-11-01,PREPARED FOODS,14982.375
2015-11-01,PRODUCE,328321.284
2015-11-01,SCHOOL AND OFFICE SUPPLIES,244.0
2015-11-01,SEAFOOD,3988.265014
2015-12-01,AUTOMOTIVE,580.0
2015-12-01,BEAUTY,338.0
2015-12-01,BEVERAGES,296869.0
2015-12-01,BREAD/BAKERY,37249.0
2015-12-01,CELEBRATION,1653.0
2015-12-01,CLEANING,79429.0
2015-12-01,DAIRY,86702.0
2015-12-01,DELI,18497.151
2015-12-01,EGGS,18475.0
2015-12-01,FROZEN FOODS,77755.947
2015-12-01,GROCERY I,376872.038
2015-12-01,GROCERY II,3473.0
2015-12-01,HARDWARE,190.0
2015-12-01,HOME AND KITCHEN I,4896.0
2015-12-01,HOME AND KITCHEN II,5936.0
2015-12-01,HOME APPLIANCES,78.0
2015-12-01,HOME CARE,17824.0
2015-12-01,LADIESWEAR,1193.0
2015-12-01,LAWN AND GARDEN,338.0
2015-12-01,LINGERIE,536.0
2015-12-01,"LIQUOR,WINE,BEER",17592.0
2015-12-01,MAGAZINES,1003.0
2015-12-01,MEATS,28574.40593
2015-12-01,PERSONAL CARE,17835.0
2015-12-01,PET SUPPLIES,1104.0
2015-12-01,PLAYERS AND ELECTRONICS,1614.0
2015-12-01,POULTRY,41888.0178
2015-12-01,PREPARED FOODS,15306.86802
2015-12-01,PRODUCE,340281.4865
2015-12-01,SCHOOL AND OFFICE SUPPLIES,248.0
2015-12-01,SEAFOOD,3376.271999
2016-01-01,AUTOMOTIVE,541.0
2016-01-01,BEAUTY,373.0
2016-01-01,BEVERAGES,308109.0
2016-01-01,BREAD/BAKERY,41740.3811
2016-01-01,CELEBRATION,1094.0
2016-01-01,CLEANING,81315.0
2016-01-01,DAIRY,90091.0
2016-01-01,DELI,16984.051
2016-01-01,EGGS,19595.0
2016-01-01,FROZEN FOODS,17598.792
2016-01-01,GROCERY I,302850.0
2016-01-01,GROCERY II,2161.0
2016-01-01,HARDWARE,115.0
2016-01-01,HOME AND KITCHEN I,3095.0
2016-01-01,HOME AND KITCHEN II,3348.0
2016-01-01,HOME APPLIANCES,66.0
2016-01-01,HOME CARE,18889.0
2016-01-01,LADIESWEAR,731.0
2016-01-01,LAWN AND GARDEN,229.0
2016-01-01,LINGERIE,511.0
2016-01-01,"LIQUOR,WINE,BEER",8244.0
2016-01-01,MAGAZINES,716.0
2016-01-01,MEATS,29912.41606
2016-01-01,PERSONAL CARE,18804.0
2016-01-01,PET SUPPLIES,1058.0
2016-01-01,PLAYERS AND ELECTRONICS,1325.0
2016-01-01,POULTRY,42183.29926
2016-01-01,PREPARED FOODS,15796.78998
2016-01-01,PRODUCE,351946.4385
2016-01-01,SCHOOL AND OFFICE SUPPLIES,507.0
2016-01-01,SEAFOOD,3743.020963
2016-02-01,AUTOMOTIVE,536.0
2016-02-01,BEAUTY,371.0
2016-02-01,BEVERAGES,267233.0
2016-02-01,BREAD/BAKERY,38523.4131
2016-02-01,CELEBRATION,1247.0
2016-02-01,CLEANING,70250.0
2016-02-01,DAIRY,79724.0
2016-02-01,DELI,15521.803
2016-02-01,EGGS,17765.0
2016-02-01,FROZEN FOODS,14662.002
2016-02-01,GROCERY I,273836.0
2016-02-01,GROCERY II,1942.0
2016-02-01,HARDWARE,126.0
2016-02-01,HOME AND KITCHEN I,1812.0
2016-02-01,HOME AND KITCHEN II,3020.0
2016-02-01,HOME APPLIANCES,64.0
2016-02-01,HOME CARE,16792.0
2016-02-01,LADIESWEAR,950.0
2016-02-01,LAWN AND GARDEN,345.0
2016-02-01,LINGERIE,523.0
2016-02-01,"LIQUOR,WINE,BEER",8967.0
2016-02-01,MAGAZINES,787.0
2016-02-01,MEATS,27031.7639
2016-02-01,PERSONAL CARE,16076.0
2016-02-01,PET SUPPLIES,916.0
2016-02-01,PLAYERS AND ELECTRONICS,1007.0
2016-02-01,POULTRY,38474.4949
2016-02-01,PREPARED FOODS,14168.316
2016-02-01,PRODUCE,301938.6495
2016-02-01,SCHOOL AND OFFICE SUPPLIES,486.0
2016-02-01,SEAFOOD,3436.180992
2016-03-01,AUTOMOTIVE,410.0
2016-03-01,BEAUTY,432.0
2016-03-01,BEVERAGES,282438.0
2016-03-01,BREAD/BAKERY,46250.4231
2016-03-01,CELEBRATION,1285.0
2016-03-01,CLEANING,71504.0
2016-03-01,DAIRY,86577.0
2016-03-01,DELI,16364.165
2016-03-01,EGGS,18863.0
2016-03-01,FROZEN FOODS,14738.27603
2016-03-01,GROCERY I,289269.0
2016-03-01,GROCERY II,2154.0
2016-03-01,HARDWARE,130.0
2016-03-01,HOME AND KITCHEN I,3710.0
2016-03-01,HOME AND KITCHEN II,4148.0
2016-03-01,HOME APPLIANCES,70.0
2016-03-01,HOME CARE,17696.0
2016-03-01,LADIESWEAR,940.0
2016-03-01,LAWN AND GARDEN,364.0
2016-03-01,LINGERIE,305.0
2016-03-01,"LIQUOR,WINE,BEER",9812.0
2016-03-01,MAGAZINES,763.0
2016-03-01,MEATS,27831.37097
2016-03-01,PERSONAL CARE,15930.0
2016-03-01,PET SUPPLIES,975.0
2016-03-01,PLAYERS AND ELECTRONICS,1281.0
2016-03-01,POULTRY,40008.115
2016-03-01,PREPARED FOODS,16018.22103
2016-03-01,PRODUCE,321578.9605
2016-03-01,SCHOOL AND OFFICE SUPPLIES,574.0
2016-03-01,SEAFOOD,3599.892001
2016-04-01,AUTOMOTIVE,478.0
2016-04-01,BEAUTY,460.0
2016-04-01,BEVERAGES,362065.0
2016-04-01,BREAD/BAKERY,49307.061
2016-04-01,CELEBRATION,1177.0
2016-04-01,CLEANING,82134.0
2016-04-01,DAIRY,86594.0
2016-04-01,DELI,17551.65202
2016-04-01,EGGS,19565.0
2016-04-01,FROZEN FOODS,14803.095
2016-04-01,GROCERY I,396859.0
2016-04-01,GROCERY II,2310.0
2016-04-01,HARDWARE,122.0
2016-04-01,HOME AND KITCHEN I,3168.0
2016-04-01,HOME AND KITCHEN II,5532.0
2016-04-01,HOME APPLIANCES,63.0
2016-04-01,HOME CARE,24350.0
2016-04-01,LADIESWEAR,963.0
2016-04-01,LAWN AND GARDEN,325.0
2016-04-01,LINGERIE,486.0
2016-04-01,"LIQUOR,WINE,BEER",8924.0
2016-04-01,MAGAZINES,791.0
2016-04-01,MEATS,30179.624
2016-04-01,PERSONAL CARE,24627.0
2016-04-01,PET SUPPLIES,1151.0
2016-04-01,PLAYERS AND ELECTRONICS,1700.0
2016-04-01,POULTRY,41380.48403
2016-04-01,PREPARED FOODS,15668.503
2016-04-01,PRODUCE,304578.8077
2016-04-01,SCHOOL AND OFFICE SUPPLIES,578.0
2016-04-01,SEAFOOD,3979.491014
2016-05-01,AUTOMOTIVE,458.0
2016-05-01,BEAUTY,573.0
2016-05-01,BEVERAGES,290880.0
2016-05-01,BREAD/BAKERY,51126.445999999996
2016-05-01,CELEBRATION,1198.0
2016-05-01,CLEANING,76501.0
2016-05-01,DAIRY,88854.0
2016-05-01,DELI,18111.074
2016-05-01,EGGS,18841.0
2016-05-01,FROZEN FOODS,15028.82095
2016-05-01,GROCERY I,319147.0
2016-05-01,GROCERY II,2514.0
2016-05-01,HARDWARE,68.0
2016-05-01,HOME AND KITCHEN I,3233.0
2016-05-01,HOME AND KITCHEN II,4099.0
2016-05-01,HOME APPLIANCES,80.0
2016-05-01,HOME CARE,19631.0
2016-05-01,LADIESWEAR,1064.0
2016-05-01,LAWN AND GARDEN,362.0
2016-05-01,LINGERIE,532.0
2016-05-01,"LIQUOR,WINE,BEER",8934.0
2016-05-01,MAGAZINES,735.0
2016-05-01,MEATS,29131.05806
2016-05-01,PERSONAL CARE,19347.0
2016-05-01,PET SUPPLIES,1168.0
2016-05-01,PLAYERS AND ELECTRONICS,1275.0
2016-05-01,POULTRY,41050.313
2016-05-01,PREPARED FOODS,15130.95198
2016-05-01,PRODUCE,315111.825
2016-05-01,SCHOOL AND OFFICE SUPPLIES,532.0
2016-05-01,SEAFOOD,3816.963998
2016-06-01,AUTOMOTIVE,440.0
2016-06-01,BEAUTY,484.0
2016-06-01,BEVERAGES,259468.0
2016-06-01,BREAD/BAKERY,47390.1821
2016-06-01,CELEBRATION,1084.0
2016-06-01,CLEANING,66998.0
2016-06-01,DAIRY,79676.0
2016-06-01,DELI,16129.85
2016-06-01,EGGS,17396.0
2016-06-01,FROZEN FOODS,13839.625
2016-06-01,GROCERY I,287695.0
2016-06-01,GROCERY II,2327.0
2016-06-01,HARDWARE,45.0
2016-06-01,HOME AND KITCHEN I,4212.0
2016-06-01,HOME AND KITCHEN II,3753.0
2016-06-01,HOME APPLIANCES,68.0
2016-06-01,HOME CARE,16146.0
2016-06-01,LADIESWEAR,898.0
2016-06-01,LAWN AND GARDEN,350.0
2016-06-01,LINGERIE,376.0
2016-06-01,"LIQUOR,WINE,BEER",9199.0
2016-06-01,MAGAZINES,594.0
2016-06-01,MEATS,27150.7239
2016-06-01,PERSONAL CARE,14750.0
2016-06-01,PET SUPPLIES,978.0
2016-06-01,PLAYERS AND ELECTRONICS,1008.0
2016-06-01,POULTRY,37736.74414
2016-06-01,PREPARED FOODS,14186.89697
2016-06-01,PRODUCE,293010.7503
2016-06-01,SCHOOL AND OFFICE SUPPLIES,317.0
2016-06-01,SEAFOOD,3465.774005
2016-07-01,AUTOMOTIVE,561.0
2016-07-01,BEAUTY,595.0
2016-07-01,BEVERAGES,283193.0
2016-07-01,BREAD/BAKERY,48979.272
2016-07-01,CELEBRATION,980.0
2016-07-01,CLEANING,73612.0
2016-07-01,DAIRY,82189.0
2016-07-01,DELI,17192.867
2016-07-01,EGGS,18333.0
2016-07-01,FROZEN FOODS,14568.34698
2016-07-01,GROCERY I,299499.0
2016-07-01,GROCERY II,1709.0
2016-07-01,HARDWARE,58.0
2016-07-01,HOME AND KITCHEN I,3675.0
2016-07-01,HOME AND KITCHEN II,3168.0
2016-07-01,HOME APPLIANCES,75.0
2016-07-01,HOME CARE,18677.0
2016-07-01,LADIESWEAR,921.0
2016-07-01,LAWN AND GARDEN,367.0
2016-07-01,LINGERIE,481.0
2016-07-01,"LIQUOR,WINE,BEER",10615.0
2016-07-01,MAGAZINES,736.0
2016-07-01,MEATS,29974.90407
2016-07-01,PERSONAL CARE,16106.0
2016-07-01,PET SUPPLIES,1106.0
2016-07-01,PLAYERS AND ELECTRONICS,1111.0
2016-07-01,POULTRY,40107.0284
2016-07-01,PREPARED FOODS,14983.363
2016-07-01,PRODUCE,294290.4915
2016-07-01,SCHOOL AND OFFICE SUPPLIES,183.0
2016-07-01,SEAFOOD,3737.57201
2016-08-01,AUTOMOTIVE,442.0
2016-08-01,BEAUTY,616.0
2016-08-01,BEVERAGES,278647.0
2016-08-01,BREAD/BAKERY,48421.478
2016-08-01,CELEBRATION,957.0
2016-08-01,CLEANING,69691.0
2016-08-01,DAIRY,77899.0
2016-08-01,DELI,16791.755
2016-08-01,EGGS,17667.0
2016-08-01,FROZEN FOODS,13609.039
2016-08-01,GROCERY I,287982.0
2016-08-01,GROCERY II,1742.0
2016-08-01,HARDWARE,152.0
2016-08-01,HOME AND KITCHEN I,3288.0
2016-08-01,HOME AND KITCHEN II,3675.0
2016-08-01,HOME APPLIANCES,77.0
2016-08-01,HOME CARE,18479.0
2016-08-01,LADIESWEAR,862.0
2016-08-01,LAWN AND GARDEN,381.0
2016-08-01,LINGERIE,661.0
2016-08-01,"LIQUOR,WINE,BEER",10307.0
2016-08-01,MAGAZINES,671.0
2016-08-01,MEATS,27701.06904
2016-08-01,PERSONAL CARE,15834.0
2016-08-01,PET SUPPLIES,1063.0
2016-08-01,PLAYERS AND ELECTRONICS,1246.0
2016-08-01,POULTRY,37313.91796
2016-08-01,PREPARED FOODS,14095.66498
2016-08-01,PRODUCE,292205.722
2016-08-01,SCHOOL AND OFFICE SUPPLIES,3008.0
2016-08-01,SEAFOOD,3582.5960019999998
2016-09-01,AUTOMOTIVE,378.0
2016-09-01,BEAUTY,579.0
2016-09-01,BEVERAGES,300210.0
2016-09-01,BREAD/BAKERY,50735.664
2016-09-01,CELEBRATION,1054.0
2016-09-01,CLEANING,73267.0
2016-09-01,DAIRY,82557.0
2016-09-01,DELI,18196.447
2016-09-01,EGGS,17852.0
2016-09-01,FROZEN FOODS,14047.1
2016-09-01,GROCERY I,297606.0
2016-09-01,GROCERY II,1952.0
2016-09-01,HARDWARE,99.0
2016-09-01,HOME AND KITCHEN I,3761.0
2016-09-01,HOME AND KITCHEN II,3231.0
2016-09-01,HOME APPLIANCES,61.0
2016-09-01,HOME CARE,19900.0
2016-09-01,LADIESWEAR,907.0
2016-09-01,LAWN AND GARDEN,285.0
2016-09-01,LINGERIE,612.0
2016-09-01,"LIQUOR,WINE,BEER",9377.0
2016-09-01,MAGAZINES,724.0
2016-09-01,MEATS,28494.929
2016-09-01,PERSONAL CARE,17250.0
2016-09-01,PET SUPPLIES,1071.0
2016-09-01,PLAYERS AND ELECTRONICS,1286.0
2016-09-01,POULTRY,39109.632
2016-09-01,PREPARED FOODS,13924.20898
2016-09-01,PRODUCE,294034.047
2016-09-01,SCHOOL AND OFFICE SUPPLIES,2648.0
2016-09-01,SEAFOOD,3670.042
2016-10-01,AUTOMOTIVE,496.0
2016-10-01,BEAUTY,563.0
2016-10-01,BEVERAGES,332204.0
2016-10-01,BOOKS,137.0
2016-10-01,BREAD/BAKERY,54457.029
2016-10-01,CELEBRATION,1030.0
2016-10-01,CLEANING,83078.0
2016-10-01,DAIRY,89950.0
2016-10-01,DELI,19828.069
2016-10-01,EGGS,20341.0
2016-10-01,FROZEN FOODS,15656.38002
2016-10-01,GROCERY I,332763.0
2016-10-01,GROCERY II,2102.0
2016-10-01,HARDWARE,107.0
2016-10-01,HOME AND KITCHEN I,3949.0
2016-10-01,HOME AND KITCHEN II,3044.0
2016-10-01,HOME APPLIANCES,5.0
2016-10-01,HOME CARE,21656.0
2016-10-01,LADIESWEAR,919.0
2016-10-01,LAWN AND GARDEN,364.0
2016-10-01,LINGERIE,644.0
2016-10-01,"LIQUOR,WINE,BEER",10578.0
2016-10-01,MAGAZINES,798.0
2016-10-01,MEATS,30632.56903
2016-10-01,PERSONAL CARE,16980.0
2016-10-01,PET SUPPLIES,1296.0
2016-10-01,PLAYERS AND ELECTRONICS,1404.0
2016-10-01,POULTRY,42185.3652
2016-10-01,PREPARED FOODS,14730.73396
2016-10-01,PRODUCE,329005.579
2016-10-01,SCHOOL AND OFFICE SUPPLIES,351.0
2016-10-01,SEAFOOD,3548.734994
2016-11-01,AUTOMOTIVE,458.0
2016-11-01,BEAUTY,607.0
2016-11-01,BEVERAGES,350450.0
2016-11-01,BOOKS,126.0
2016-11-01,BREAD/BAKERY,57053.3501
2016-11-01,CELEBRATION,993.0
2016-11-01,CLEANING,86418.0
2016-11-01,DAIRY,91855.0
2016-11-01,DELI,22570.523
2016-11-01,EGGS,21072.0
2016-11-01,FROZEN FOODS,17410.05003
2016-11-01,GROCERY I,365952.0
2016-11-01,GROCERY II,2155.0
2016-11-01,HARDWARE,130.0
2016-11-01,HOME AND KITCHEN I,3163.0
2016-11-01,HOME AND KITCHEN II,3057.0
2016-11-01,HOME CARE,24748.0
2016-11-01,LADIESWEAR,863.0
2016-11-01,LAWN AND GARDEN,373.0
2016-11-01,LINGERIE,730.0
2016-11-01,"LIQUOR,WINE,BEER",11867.0
2016-11-01,MAGAZINES,749.0
2016-11-01,MEATS,30284.28101
2016-11-01,PERSONAL CARE,21753.0
2016-11-01,PET SUPPLIES,1290.0
2016-11-01,PLAYERS AND ELECTRONICS,1426.0
2016-11-01,POULTRY,43132.832
2016-11-01,PREPARED FOODS,13440.28903
2016-11-01,PRODUCE,320054.5917
2016-11-01,SCHOOL AND OFFICE SUPPLIES,387.0
2016-11-01,SEAFOOD,2988.487
2016-12-01,AUTOMOTIVE,483.0
2016-12-01,BEAUTY,475.0
2016-12-01,BEVERAGES,340424.0
2016-12-01,BOOKS,73.0
2016-12-01,BREAD/BAKERY,49788.644
2016-12-01,CELEBRATION,1647.0
2016-12-01,CLEANING,87207.0
2016-12-01,DAIRY,96730.0
2016-12-01,DELI,23465.809
2016-12-01,EGGS,19235.0
2016-12-01,FROZEN FOODS,67663.0721
2016-12-01,GROCERY I,443578.0
2016-12-01,GROCERY II,4050.0
2016-12-01,HARDWARE,70.0
2016-12-01,HOME AND KITCHEN I,6348.0
2016-12-01,HOME AND KITCHEN II,2905.0
2016-12-01,HOME APPLIANCES,33.0
2016-12-01,HOME CARE,21023.0
2016-12-01,LADIESWEAR,1042.0
2016-12-01,LAWN AND GARDEN,890.0
2016-12-01,LINGERIE,777.0
2016-12-01,"LIQUOR,WINE,BEER",20816.0
2016-12-01,MAGAZINES,1009.0
2016-12-01,MEATS,31689.529
2016-12-01,PERSONAL CARE,20044.0
2016-12-01,PET SUPPLIES,1382.0
2016-12-01,PLAYERS AND ELECTRONICS,1812.0
2016-12-01,POULTRY,43224.592
2016-12-01,PREPARED FOODS,14450.06296
2016-12-01,PRODUCE,328045.167
2016-12-01,SCHOOL AND OFFICE SUPPLIES,324.0
2016-12-01,SEAFOOD,2878.175996
2017-01-01,AUTOMOTIVE,586.0
2017-01-01,BEAUTY,538.0
2017-01-01,BEVERAGES,364101.0
2017-01-01,BOOKS,73.0
2017-01-01,BREAD/BAKERY,57383.326
2017-01-01,CELEBRATION,1136.0
2017-01-01,CLEANING,89191.0
2017-01-01,DAIRY,94247.0
2017-01-01,DELI,18349.920000000002
2017-01-01,EGGS,19825.0
2017-01-01,FROZEN FOODS,15207.09605
2017-01-01,GROCERY I,355720.0
2017-01-01,GROCERY II,2255.0
2017-01-01,HARDWARE,140.0
2017-01-01,HOME AND KITCHEN I,4773.0
2017-01-01,HOME AND KITCHEN II,2895.0
2017-01-01,HOME APPLIANCES,84.0
2017-01-01,HOME CARE,23624.0
2017-01-01,LADIESWEAR,987.0
2017-01-01,LAWN AND GARDEN,864.0
2017-01-01,LINGERIE,641.0
2017-01-01,"LIQUOR,WINE,BEER",8543.0
2017-01-01,MAGAZINES,664.0
2017-01-01,MEATS,32132.73703
2017-01-01,PERSONAL CARE,24556.0
2017-01-01,PET SUPPLIES,1138.0
2017-01-01,PLAYERS AND ELECTRONICS,1373.0
2017-01-01,POULTRY,45728.1338
2017-01-01,PREPARED FOODS,15207.052
2017-01-01,PRODUCE,340717.97
2017-01-01,SCHOOL AND OFFICE SUPPLIES,410.0
2017-01-01,SEAFOOD,3682.783015
2017-02-01,AUTOMOTIVE,555.0
2017-02-01,BEAUTY,428.0
2017-02-01,BEVERAGES,293653.0
2017-02-01,BOOKS,36.0
2017-02-01,BREAD/BAKERY,51448.5561
2017-02-01,CELEBRATION,916.0
2017-02-01,CLEANING,73470.0
2017-02-01,DAIRY,81957.0
2017-02-01,DELI,16902.795
2017-02-01,EGGS,18968.0
2017-02-01,FROZEN FOODS,13613.537
2017-02-01,GROCERY I,307809.0
2017-02-01,GROCERY II,2094.0
2017-02-01,HARDWARE,147.0
2017-02-01,HOME AND KITCHEN I,3821.0
2017-02-01,HOME AND KITCHEN II,3355.0
2017-02-01,HOME APPLIANCES,47.0
2017-02-01,HOME CARE,20958.0
2017-02-01,LADIESWEAR,896.0
2017-02-01,LAWN AND GARDEN,1235.0
2017-02-01,LINGERIE,615.0
2017-02-01,"LIQUOR,WINE,BEER",8639.0
2017-02-01,MAGAZINES,608.0
2017-02-01,MEATS,27777.47187
2017-02-01,PERSONAL CARE,18303.0
2017-02-01,PET SUPPLIES,1040.0
2017-02-01,PLAYERS AND ELECTRONICS,1093.0
2017-02-01,POULTRY,40057.833
2017-02-01,PREPARED FOODS,14559.79298
2017-02-01,PRODUCE,293216.568
2017-02-01,SCHOOL AND OFFICE SUPPLIES,264.0
2017-02-01,SEAFOOD,3420.940001
2017-03-01,AUTOMOTIVE,541.0
2017-03-01,BEAUTY,409.0
2017-03-01,BEVERAGES,354731.0
2017-03-01,BOOKS,38.0
2017-03-01,BREAD/BAKERY,57393.117
2017-03-01,CELEBRATION,1147.0
2017-03-01,CLEANING,82048.0
2017-03-01,DAIRY,94740.0
2017-03-01,DELI,19577.078
2017-03-01,EGGS,20892.0
2017-03-01,FROZEN FOODS,13456.32
2017-03-01,GROCERY I,343473.0
2017-03-01,GROCERY II,2561.0
2017-03-01,HARDWARE,146.0
2017-03-01,HOME AND KITCHEN I,2835.0
2017-03-01,HOME AND KITCHEN II,4343.0
2017-03-01,HOME APPLIANCES,102.0
2017-03-01,HOME CARE,24124.0
2017-03-01,LADIESWEAR,979.0
2017-03-01,LAWN AND GARDEN,902.0
2017-03-01,LINGERIE,513.0
2017-03-01,"LIQUOR,WINE,BEER",10081.0
2017-03-01,MAGAZINES,680.0
2017-03-01,MEATS,31071.4408
2017-03-01,PERSONAL CARE,19636.0
2017-03-01,PET SUPPLIES,1247.0
2017-03-01,PLAYERS AND ELECTRONICS,1115.0
2017-03-01,POULTRY,41293.1231
2017-03-01,PREPARED FOODS,15239.74197
2017-03-01,PRODUCE,318103.4868
2017-03-01,SCHOOL AND OFFICE SUPPLIES,402.0
2017-03-01,SEAFOOD,4079.129002
2017-04-01,AUTOMOTIVE,467.0
2017-04-01,BEAUTY,473.0
2017-04-01,BEVERAGES,321054.0
2017-04-01,BOOKS,31.0
2017-04-01,BREAD/BAKERY,52593.663
2017-04-01,CELEBRATION,974.0
2017-04-01,CLEANING,75423.0
2017-04-01,DAIRY,86374.0
2017-04-01,DELI,18202.122
2017-04-01,EGGS,19326.0
2017-04-01,FROZEN FOODS,12987.676
2017-04-01,GROCERY I,322580.0
2017-04-01,GROCERY II,2217.0
2017-04-01,HARDWARE,114.0
2017-04-01,HOME AND KITCHEN I,2633.0
2017-04-01,HOME AND KITCHEN II,3573.0
2017-04-01,HOME APPLIANCES,77.0
2017-04-01,HOME CARE,19524.0
2017-04-01,LADIESWEAR,813.0
2017-04-01,LAWN AND GARDEN,874.0
2017-04-01,LINGERIE,623.0
2017-04-01,"LIQUOR,WINE,BEER",9639.0
2017-04-01,MAGAZINES,806.0
2017-04-01,MEATS,27206.306
2017-04-01,PERSONAL CARE,18011.0
2017-04-01,PET SUPPLIES,1165.0
2017-04-01,PLAYERS AND ELECTRONICS,1020.0
2017-04-01,POULTRY,38035.54697
2017-04-01,PREPARED FOODS,11736.40802
2017-04-01,PRODUCE,285824.37679999997
2017-04-01,SCHOOL AND OFFICE SUPPLIES,409.0
2017-04-01,SEAFOOD,3239.9249959999997
2017-05-01,AUTOMOTIVE,539.0
2017-05-01,BEAUTY,601.0
2017-05-01,BEVERAGES,329793.0
2017-05-01,BOOKS,10.0
2017-05-01,BREAD/BAKERY,57589.208
2017-05-01,CELEBRATION,980.0
2017-05-01,CLEANING,80450.0
2017-05-01,DAIRY,88692.0
2017-05-01,DELI,18846.621
2017-05-01,EGGS,21064.0
2017-05-01,FROZEN FOODS,15105.829
2017-05-01,GROCERY I,332666.0
2017-05-01,GROCERY II,2597.0
2017-05-01,HARDWARE,148.0
2017-05-01,HOME AND KITCHEN I,3323.0
2017-05-01,HOME AND KITCHEN II,4687.0
2017-05-01,HOME APPLIANCES,86.0
2017-05-01,HOME CARE,21160.0
2017-05-01,LADIESWEAR,1042.0
2017-05-01,LAWN AND GARDEN,939.0
2017-05-01,LINGERIE,652.0
2017-05-01,"LIQUOR,WINE,BEER",10338.0
2017-05-01,MAGAZINES,776.0
2017-05-01,MEATS,30190.638899999998
2017-05-01,PERSONAL CARE,17669.0
2017-05-01,PET SUPPLIES,1276.0
2017-05-01,PLAYERS AND ELECTRONICS,1193.0
2017-05-01,POULTRY,41328.92192
2017-05-01,PREPARED FOODS,10600.21306
2017-05-01,PRODUCE,317629.861
2017-05-01,SCHOOL AND OFFICE SUPPLIES,330.0
2017-05-01,SEAFOOD,3786.472993
2017-06-01,AUTOMOTIVE,620.0
2017-06-01,BEAUTY,451.0
2017-06-01,BEVERAGES,323891.0
2017-06-01,BOOKS,1.0
2017-06-01,BREAD/BAKERY,54115.118
2017-06-01,CELEBRATION,1067.0
2017-06-01,CLEANING,79964.0
2017-06-01,DAIRY,84991.0
2017-06-01,DELI,18006.836
2017-06-01,EGGS,21876.0
2017-06-01,FROZEN FOODS,14569.60902
2017-06-01,GROCERY I,320023.0
2017-06-01,GROCERY II,3065.0
2017-06-01,HARDWARE,141.0
2017-06-01,HOME AND KITCHEN I,4441.0
2017-06-01,HOME AND KITCHEN II,3262.0
2017-06-01,HOME APPLIANCES,65.0
2017-06-01,HOME CARE,19720.0
2017-06-01,LADIESWEAR,1033.0
2017-06-01,LAWN AND GARDEN,825.0
2017-06-01,LINGERIE,391.0
2017-06-01,"LIQUOR,WINE,BEER",11320.0
2017-06-01,MAGAZINES,740.0
2017-06-01,MEATS,30675.18309
2017-06-01,PERSONAL CARE,19290.0
2017-06-01,PET SUPPLIES,1462.0
2017-06-01,PLAYERS AND ELECTRONICS,1186.0
2017-06-01,POULTRY,40104.844059999996
2017-06-01,PREPARED FOODS,9987.881
2017-06-01,PRODUCE,301041.499
2017-06-01,SCHOOL AND OFFICE SUPPLIES,263.0
2017-06-01,SEAFOOD,2749.366987
2017-07-01,AUTOMOTIVE,533.0
2017-07-01,BEAUTY,565.0
2017-07-01,BEVERAGES,350407.0
2017-07-01,BOOKS,3.0
2017-07-01,BREAD/BAKERY,54488.82
2017-07-01,CELEBRATION,1004.0
2017-07-01,CLEANING,91209.0
2017-07-01,DAIRY,84604.0
2017-07-01,DELI,19908.08
2017-07-01,EGGS,20985.0
2017-07-01,FROZEN FOODS,15220.56204
2017-07-01,GROCERY I,339232.0
2017-07-01,GROCERY II,3135.0
2017-07-01,HARDWARE,163.0
2017-07-01,HOME AND KITCHEN I,3845.0
2017-07-01,HOME AND KITCHEN II,3738.0
2017-07-01,HOME APPLIANCES,28.0
2017-07-01,HOME CARE,28117.0
2017-07-01,LADIESWEAR,1019.0
2017-07-01,LAWN AND GARDEN,809.0
2017-07-01,LINGERIE,388.0
2017-07-01,"LIQUOR,WINE,BEER",11212.0
2017-07-01,MAGAZINES,800.0
2017-07-01,MEATS,30985.76897
2017-07-01,PERSONAL CARE,20596.0
2017-07-01,PET SUPPLIES,1418.0
2017-07-01,PLAYERS AND ELECTRONICS,1219.0
2017-07-01,POULTRY,41062.286
2017-07-01,PREPARED FOODS,9946.57896
2017-07-01,PRODUCE,313610.901
2017-07-01,SCHOOL AND OFFICE SUPPLIES,280.0
2017-07-01,SEAFOOD,3182.557996
2017-08-01,AUTOMOTIVE,248.0
2017-08-01,BEAUTY,244.0
2017-08-01,BEVERAGES,136453.0
2017-08-01,BREAD/BAKERY,23964.097
2017-08-01,CELEBRATION,364.0
2017-08-01,CLEANING,35015.0
2017-08-01,DAIRY,36351.0
2017-08-01,DELI,7997.67398
2017-08-01,EGGS,9211.0
2017-08-01,FROZEN FOODS,6518.913
2017-08-01,GROCERY I,143052.0
2017-08-01,GROCERY II,1376.0
2017-08-01,HARDWARE,68.0
2017-08-01,HOME AND KITCHEN I,1708.0
2017-08-01,HOME AND KITCHEN II,1818.0
2017-08-01,HOME APPLIANCES,2.0
2017-08-01,HOME CARE,9397.0
2017-08-01,LADIESWEAR,453.0
2017-08-01,LAWN AND GARDEN,451.0
2017-08-01,LINGERIE,764.0
2017-08-01,"LIQUOR,WINE,BEER",4859.0
2017-08-01,MAGAZINES,442.0
2017-08-01,MEATS,13863.634
2017-08-01,PERSONAL CARE,8814.0
2017-08-01,PET SUPPLIES,605.0
2017-08-01,PLAYERS AND ELECTRONICS,586.0
2017-08-01,POULTRY,17900.749
2017-08-01,PREPARED FOODS,4528.006
2017-08-01,PRODUCE,139693.164
2017-08-01,SCHOOL AND OFFICE SUPPLIES,6213.0
2017-08-01,SEAFOOD,1416.109004
